event_ID,location,location_uncertainty(m),origin_time,direction(degrees),direction_sharpness(degrees)params_std_deviation,velocity(m/s),number_of_stationsdirection_snr(degrees),direction_sharpness(degrees),direction_snr(degrees),duration,number_of_stations,params_std_deviation
['867548'],"['46.18911760617305,-122.19203246958193']",[0],"[UTCDateTime(2003, 4, 29, 6, 6, 41, 100000)]",[17.9497831508837],,[138.4574192701204],,[20.418840561321996],[15.322402389968584],[6.8125],[4],"['0.454745675,0.968647307,0.412937222']"
['867518'],"['46.180110162231614,-122.17909583859085']",[1000],"[UTCDateTime(2003, 7, 5, 23, 15, 3)]",[37.11231619507886],,[80.41646187909296],,[37.11231619507742],[37.112316195080645],[13.825000000000003],[4],"['inf,inf,inf']"
['867183'],"['46.19811403676282,-122.19201767753954']",[0],"[UTCDateTime(2003, 7, 4, 22, 15, 24, 999900)]",[27.09002863183372],,[72.19405744830676],,[27.09002863183366],[27.09002863183369],[8.23729999999999],[4],"['inf,inf,inf']"
['867163'],"['46.19809056202087,-122.16610639885269']",[2000],"[UTCDateTime(2003, 7, 4, 12, 7, 18, 174900)]",[37.746494890945065],,[167.6053490679313],,[42.56522988367455],[42.171844982823224],[14.833133333333329],[9],"['0.409987057,0.418556987,0.260397928']"
['867058'],"['46.189106604716805,-122.17907894062105']",[1000],"[UTCDateTime(2003, 6, 12, 9, 18, 16, 950000)]",[13.874651994870952],,[61.51349059168587],,[13.690248247636635],[13.321086854999855],[36.41249999999999],[4],"['0.173650295,0.708241896,0.129338928']"
['866863'],"['46.20711045312764,-122.19200287918224']",[1000],"[UTCDateTime(2003, 5, 14, 18, 21, 41)]",[73.69950168557244],,[123.42298071578581],,[73.6995016855724],[73.69950168557247],[6.809999999999997],[5],"['inf,inf,inf']"
['866788'],"['46.19811403676282,-122.19201767753954']",[1000],"[UTCDateTime(2003, 5, 14, 10, 9, 40)]",[45.70572012746364],,[58.41208504698691],,[45.818913162356765],[45.26541280234827],[10.909999999999997],[5],"['0.007641915,0.030247555,0.005462903']"
['866753'],"['46.19811403676282,-122.19201767753954']",[0],"[UTCDateTime(2003, 5, 14, 8, 42, 20)]",[41.00718718115162],,[135.35566574212706],,[41.007187181151615],[41.007187181151615],[5.987500000000004],[4],"['inf,inf,inf']"
['866703'],"['46.19811403676282,-122.19201767753954']",[0],"[UTCDateTime(2003, 4, 26, 2, 40, 13, 3700)]",[59.68238421105303],,[372.83869612411786],,[63.701181736834975],[58.03193118457224],[10.307400000000001],[5],"['2.65240859,1.169119402,1.84575187']"
['866658'],"['46.189106604716805,-122.17907894062105']",[0],"[UTCDateTime(2003, 6, 11, 4, 21, 32, 50000)]",[19.466922150844844],,[33.01022735278603],,[16.730751003964674],[7.283730720898785],[16.749999999999986],[4],"['0.468015735,3.105914235,0.33686128']"
['866533'],"['46.19811403676282,-122.19201767753954']",[0],"[UTCDateTime(2003, 6, 10, 12, 57, 16, 1400)]",[25.477820288272767],,[90.51418079065513],,[28.59796435863643],[27.081464913048265],[8.352800000000013],[5],"['0.105763433,0.263165282,0.074571454']"
['866158'],"['46.1981030329759,-122.17906203543858']",[0],"[UTCDateTime(2003, 6, 9, 9, 36, 32, 99900)]",[11.969449863488922],,[71.16713888070257],,[11.969449863488947],[11.969449863488974],[8.349799999999988],[4],"['inf,inf,inf']"
['866133'],"['46.19811403676282,-122.19201767753954']",[1000],"[UTCDateTime(2003, 6, 9, 5, 34, 58, 849900)]",[77.32936568943734],,[199.42885229055332],,[77.32936568943734],[77.32936568943735],[10.187299999999993],[4],"['inf,inf,inf']"
['866123'],"['46.18012116135813,-122.19204725531323']",[0],"[UTCDateTime(2003, 7, 3, 0, 46, 25, 100)]",[57.40919629485536],,[58.62134059973103],,[57.86129932959332],[59.244516338032504],[11.887700000000002],[4],"['0.147728877,0.188293989,0.097519308']"
['865973'],"['46.20709944700913,-122.17904512303906']",[0],"[UTCDateTime(2003, 7, 2, 23, 21, 16, 375000)]",[3.060353873800637],,[125.56487353250122],,[3.06035387380059],[3.060353873800606],[24.187499999999986],[4],"['inf,inf,inf']"
['865823'],"['46.18909413640317,-122.16612541717174']",[1000],"[UTCDateTime(2003, 7, 2, 17, 53, 4, 874900)]",[0.016561485087764605],,[159.68439785288427],,[7.261260542239638],[1.8543684861283827],[25.36229999999999],[4],"['0.468753191,0.593102199,0.36451043']"
['865763'],"['46.189106604716805,-122.17907894062105']",[1000],"[UTCDateTime(2003, 7, 2, 11, 36, 33, 999900)]",[48.482607348601796],,[64.4520689936621],,[46.294226090537585],[49.85347774122169],[23.3598],[5],"['0.215836882,0.469528665,0.114546513']"
['865508'],"['46.189106604716805,-122.17907894062105']",[0],"[UTCDateTime(2003, 7, 1, 21, 34, 7, 575000)]",[2.3222806084055674],,[106.93484187668597],,[1.1180761216254467],[2.175536414661366],[19.837500000000006],[4],"['0.056677511,0.143760212,0.045016972']"
['865323'],"['46.18911760617305,-122.19203246958193']",[0],"[UTCDateTime(2003, 7, 1, 16, 25, 44, 999900)]",[18.884212026977043],,[217.70330314888247],,[16.507196145707056],[14.475756814315845],[23.9098],[5],"['0.407330796,0.41250391,0.297880218']"
['865188'],"['46.1981030329759,-122.17906203543858']",[0],"[UTCDateTime(2003, 7, 1, 8, 54, 41, 750300)]",[16.190976999412687],,[117.40087994952886],,[16.190976999412708],[16.190976999412705],[49.5881],[4],"['inf,inf,inf']"
['865173'],"['46.189106604716805,-122.17907894062105']",[1000],"[UTCDateTime(2003, 7, 1, 8, 4, 39, 300)]",[29.893544174451044],,[53.07374417299814],,[40.79391949606014],[39.834453723422875],[16.175599999999992],[6],"['0.14892305,0.518300997,0.095071698']"
['865143'],"['46.1981030329759,-122.17906203543858']",[0],"[UTCDateTime(2003, 6, 5, 18, 59, 4, 675000)]",[60.86171284603732],,[104.60627488014676],,[60.86171284603732],[60.861712846037335],[18.687499999999993],[4],"['inf,inf,inf']"
['865078'],"['46.1981030329759,-122.17906203543858']",[1000],"[UTCDateTime(2003, 6, 5, 15, 2, 20, 175000)]",[56.715782864410144],,[82.479805972372],,[56.715782864410166],[56.715782864410166],[11.137499999999996],[4],"['inf,inf,inf']"
['864928'],"['46.19811403676282,-122.19201767753954']",[0],"[UTCDateTime(2003, 3, 22, 9, 15, 8, 954900)]",[54.835630248203174],,[103.43890755291113],,[54.86924136884729],[54.94442663417977],[3.569800000000009],[5],"['0.008424909,0.02068138,0.006059978']"
['864688'],"['46.1981030329759,-122.17906203543858']",[0],"[UTCDateTime(2003, 6, 4, 12, 54, 3, 725000)]",[52.47590671331064],,[95.10433043562831],,[57.13808788269187],[63.190258876042954],[22.45999999999999],[5],"['0.176336032,0.376391135,0.114989637']"
['864373'],"['46.19811403676282,-122.19201767753954']",[0],"[UTCDateTime(2003, 4, 20, 21, 28, 45, 525000)]",[36.64686402102225],,[184.94545919008866],,[38.19936099217736],[29.920608668259725],[4.716666666666678],[6],"['0.627006102,0.87786111,0.488651218']"
['863468'],"['46.20712806292317,-122.21791840526517']",[3000],"[UTCDateTime(2003, 5, 4, 13, 25, 17, 900000)]",[272.90069929063014],,[847.4390736389713],,[273.1667907397558],[271.50330255534624],[9.362499999999997],[4],"['24.622304065,0.086532836,24.199881273']"
['863323'],"['46.875110033554826,-121.74028883652306']",[6000],"[UTCDateTime(2002, 11, 22, 15, 59, 33, 650000)]",[18.430572811997667],,[24.191415214467746],,[18.430572811997347],[18.430572811996853],[38.48750000000001],[4],"['inf,inf,inf']"
['863218'],"['46.171113705520135,-122.17911272935235']",[0],"[UTCDateTime(2003, 3, 18, 3, 52, 13)]",[239.32539664252664],,[1053.6266517532779],,[239.32539664252664],[239.32539664252664],[11.962499999999999],[4],"['inf,inf,inf']"
['863128'],"['46.189106604716805,-122.17907894062105']",[0],"[UTCDateTime(2002, 11, 22, 2, 55, 44)]",[34.24596411877636],,[30.1607743999147],,[69.0221094962939],[37.00718848623124],[16.899999999999995],[5],"['0.261384699,1.557612551,0.151525026']"
['862518'],"['46.19811403676282,-122.19201767753954']",[0],"[UTCDateTime(2003, 1, 23, 7, 37, 43, 150000)]",[-43.25933140777592],,[6197.591964413713],,[-43.259331407775896],[-43.25933140777592],[13.800000000000004],[4],"['inf,inf,inf']"
['862353'],"['46.17110124248612,-122.16616342947198']",[1000],"[UTCDateTime(2003, 4, 13, 5, 32, 0, 925000)]",[-201.16544600270046],,[68.20334012574823],,[-194.8124255845042],[-195.54470482975705],[9.625000000000009],[6],"['0.219043521,0.886253592,0.191322096']"
['1447843'],"['46.866092938062245,-121.72720406606092']",[7000],"[UTCDateTime(2002, 11, 20, 10, 59, 47, 875000)]",[280.2219493919488],,[170.52596933734384],,[286.89331921699466],[276.2841627773618],[24.00833333333333],[6],"['0.82449124,0.661216614,0.484259204']"
['862298'],"['46.19811403676282,-122.19201767753954']",[1000],"[UTCDateTime(2003, 4, 12, 22, 3, 2, 825000)]",[63.77456458882602],,[136.73500071114876],,[76.03866271043478],[76.24903448967162],[10.714285714285719],[7],"['0.704662718,0.936804888,0.499550142']"
['862288'],"['46.189106604716805,-122.17907894062105']",[1000],"[UTCDateTime(2003, 4, 12, 21, 59, 8, 575000)]",[243.67356263856414],,[46.30649498150905],,[210.73195160998682],[230.32955149512406],[11.908333333333331],[6],"['0.417813378,1.119619557,0.230163086']"
['861988'],"['46.20711999176598,-122.20496064015421']",[1000],"[UTCDateTime(2002, 11, 19, 21, 2, 48)]",[80.20249033192042],,[118.32369276655008],,[45.41637961342766],[77.15029014812757],[21.339999999999996],[5],"['0.376472285,1.505588471,0.501813568']"
['861638'],"['46.21609584681671,-122.17902820341816']",[1000],"[UTCDateTime(2003, 4, 9, 19, 24, 40)]",[4.306552540982497],,[138.22951362862074],,[4.671565739874709],[20.35335356948738],[13.850000000000009],[4],"['0.911683701,1.181405983,0.639968107']"
['861493'],"['46.198123573380435,-122.20497332446621']",[0],"[UTCDateTime(2003, 3, 12, 5, 58, 12, 175000)]",[9.636955126550044],,[147.33914193797642],,[-2.650842362690453],[13.24642879904173],[23.837500000000006],[4],"['0.608068446,0.759613863,0.374750398']"
['861278'],"['46.18914180938682,-122.23089308264451']",[1000],"[UTCDateTime(2002, 8, 31, 21, 3, 39, 500000)]",[45.837468992762965],,[669.6862958111301],,[45.83746899276277],[45.83746899276281],[12.750000000000014],[4],"['inf,inf,inf']"
['860148'],"['46.18909413640317,-122.16612541717174']",[2000],"[UTCDateTime(2003, 2, 14, 10, 59, 56)]",[-570.7900917094387],,[51.57062673745601],,[-201.60855032613327],[-569.8602465201242],[19.689999999999987],[5],"['0.106942869,0.530432026,0.083135551']"
['859908'],"['46.19811403676282,-122.19201767753954']",[0],"[UTCDateTime(2003, 4, 1, 6, 22, 52, 400000)]",[19.91732795340748],,[86.6454584183618],,[19.91732795340742],[19.91732795340758],[11.662500000000009],[4],"['inf,inf,inf']"
['859673'],"['46.26098065547579,-122.10112088118407']",[10000],"[UTCDateTime(2002, 11, 14, 2, 44, 38, 627800)]",[81.8301396011145],,[209.43192525871217],,[80.55150870137203],[81.13770492798206],[14.355599999999981],[4],"['0.131697774,0.07533276,0.075086286']"
['859633'],"['46.198123573380435,-122.20497332446621']",[0],"[UTCDateTime(2002, 11, 13, 21, 15, 1, 485000)]",[37.98484156516637],,[86.74218156702699],,[30.126285787010374],[34.85316453189358],[44.144999999999996],[4],"['0.473818973,1.375508793,0.350983485']"
['859463'],"['46.19811403676282,-122.19201767753954']",[0],"[UTCDateTime(2002, 11, 13, 11, 55, 9, 485000)]",[31.684853137246066],,[46.027639801049474],,[31.68485313724608],[31.684853137246186],[17.144999999999996],[4],"['inf,inf,inf']"
['859333'],"['46.19811403676282,-122.19201767753954']",[0],"[UTCDateTime(2003, 2, 12, 19, 26, 47)]",[53.5873886037809],,[84.26507167328901],,[38.87649096547473],[59.42452690535479],[8.219999999999999],[5],"['0.216057054,0.572668258,0.155283408']"
['857853'],"['46.189106604716805,-122.17907894062105']",[1000],"[UTCDateTime(2002, 8, 25, 14, 47, 29, 525000)]",[75.31953368688022],,[307.43167502652574],,[74.68309139903762],[75.43292944317693],[10.050000000000011],[4],"['0.144686696,0.036939666,0.080996378']"
['857838'],"['46.21609584681671,-122.17902820341816']",[1000],"[UTCDateTime(2003, 1, 16, 16, 46, 6)]",[-0.06578213021871852],,[381.81956767220663],,[-0.5977154263443286],[1.2570379733007293],[25.037499999999994],[4],"['0.195774414,0.09042477,0.131251022']"
['857408'],"['46.189135208508965,-122.2179395412826']",[5000],"[UTCDateTime(2002, 12, 22, 23, 37, 7)]",[136.40496830641197],,[276.24111964915113],,[145.40260830610532],[138.85050798986236],[35.14999999999999],[6],"['0.88192929,0.36016816,0.525022647']"
['855433'],"['46.20709944700913,-122.17904512303906']",[1000],"[UTCDateTime(2003, 2, 1, 23, 50, 22, 33800)]",[-4.576791281783991],,[376.7785413500897],,[-0.5518810755438894],[-5.235402878139953],[19.617600000000003],[5],"['0.485066477,0.247435848,0.347461747']"
['854978'],"['46.189080201233445,-122.15317189992292']",[3000],"[UTCDateTime(2002, 11, 5, 13, 16, 22, 275000)]",[37.004530641771],,[181.8700129283694],,[53.729914666825984],[36.063611841531646],[32.99285714285713],[7],"['0.517656564,0.488533457,0.356552794']"
['854278'],"['46.1981030329759,-122.17906203543858']",[1000],"[UTCDateTime(2002, 10, 21, 12, 3, 47, 825000)]",[55.0831504440913],,[160.98064574428608],,[55.08315044409129],[55.08315044409132],[28.85],[4],"['inf,inf,inf']"
['853848'],"['46.18009769655833,-122.16614442737654']",[2000],"[UTCDateTime(2002, 10, 20, 5, 24, 4)]",[-6.324547175838873],,[71.42831608110563],,[13.469339123741351],[-15.622471729501457],[20.400000000000002],[6],"['0.142352285,0.440062073,0.105410026']"
['853843'],"['46.19809056202087,-122.16610639885269']",[1000],"[UTCDateTime(2002, 10, 20, 5, 19, 28, 275000)]",[28.558597817215105],,[47.76379317332343],,[36.54699347124135],[36.767846893262714],[34.275000000000006],[4],"['0.405075846,1.094172341,0.232918631']"
['853718'],"['46.19811403676282,-122.19201767753954']",[1000],"[UTCDateTime(2002, 12, 7, 5, 5, 10, 4600)]",[81.12276935605776],,[16.232280691976886],,[81.1227693560577],[81.12276935605799],[16.959199999999996],[4],"['inf,inf,inf']"
['853673'],"['46.18909413640317,-122.16612541717174']",[2000],"[UTCDateTime(2002, 10, 19, 20, 56, 4)]",[27.764235391266144],,[170.4755209032629],,[38.87799104661266],[37.82900399197363],[20.01875],[8],"['0.449135196,0.521518135,0.316470023']"
['853488'],"['46.18914180938682,-122.23089308264451']",[0],"[UTCDateTime(2002, 6, 30, 1, 55, 57, 675000)]",[27.02884579637173],,[474.78580015387763],,[27.02884579637188],[27.02884579637168],[14.462500000000013],[4],"['inf,inf,inf']"
['853048'],"['46.1981030329759,-122.17906203543858']",[3000],"[UTCDateTime(2002, 8, 20, 9, 17, 52, 325000)]",[74.36137120787167],,[84.3732949877155],,[-20.649383875368592],[69.9835955254039],[18.058333333333337],[6],"['0.619145349,1.158222938,0.428972799']"
['852758'],"['46.18909413640317,-122.16612541717174']",[2000],"[UTCDateTime(2002, 10, 17, 22, 39, 6, 875000)]",[31.042638292923662],,[231.8273008173867],,[27.868709267934495],[28.990100833572033],[27.627777777777773],[9],"['0.449793854,0.393256713,0.313801327']"
['852353'],"['46.19809056202087,-122.16610639885269']",[1000],"[UTCDateTime(2002, 11, 4, 1, 8, 1, 145400)]",[24.569682723957506],,[153.66316488658703],,[18.42150745479502],[29.35827713648564],[34.79080000000001],[5],"['0.57885719,0.615286977,0.39827787']"
['852023'],"['46.189106604716805,-122.17907894062105']",[0],"[UTCDateTime(2002, 12, 2, 11, 50, 41, 175000)]",[56.82577236724451],,[185.8276381570145],,[60.915412893392535],[52.62548328268343],[25.73333333333333],[6],"['0.69503558,0.560306546,0.392915346']"
['850628'],"['46.2341172378709,-122.2178866673818']",[5000],"[UTCDateTime(2002, 9, 25, 7, 50, 21)]",[118.4026646837884],,[67.9956617344238],,[106.79358810626854],[119.15983101685018],[18.024999999999995],[6],"['0.289032308,1.142355048,0.210973317']"
['850618'],"['46.18914180938682,-122.23089308264451']",[0],"[UTCDateTime(2002, 9, 25, 7, 42, 11)]",[5.083365371819841],,[290.0287667263922],,[7.20342753926442],[5.281115714923026],[78.74],[5],"['0.523155474,0.210588961,0.225275962']"
['850498'],"['46.189106604716805,-122.17907894062105']",[0],"[UTCDateTime(2002, 10, 10, 15, 19, 18, 625000)]",[38.83202242718488],,[122.24731793276713],,[37.85738663126871],[38.726980619003164],[27.96249999999999],[4],"['0.081883697,0.119071086,0.052803677']"
['850483'],"['46.19811403676282,-122.19201767753954']",[1000],"[UTCDateTime(2002, 10, 10, 7, 18, 10, 626700)]",[24.260768088592496],,[209.8027604245592],,[28.369412093584586],[26.44884094526911],[5.363399999999996],[5],"['0.241336894,0.256524702,0.170038395']"
['850433'],"['46.18911760617305,-122.19203246958193']",[1000],"[UTCDateTime(2002, 10, 10, 5, 30, 6, 251700)]",[70.03952366968967],,[239.26402156378597],,[69.25078318282122],[72.01867030822514],[18.99340000000001],[5],"['0.13537862,0.074053276,0.066823372']"
['850333'],"['46.20708697341162,-122.1660873724145']",[2000],"[UTCDateTime(2002, 10, 9, 20, 32, 3, 625000)]",[22.048429275149573],,[199.72881352415348],,[19.27791271638376],[21.40590009301504],[43.82500000000001],[6],"['0.203002999,0.175227393,0.152967252']"
['850213'],"['46.19811403676282,-122.19201767753954']",[0],"[UTCDateTime(2002, 9, 24, 21, 19, 10)]",[59.39287907026295],,[208.1122849195679],,[59.392879070262936],[59.39287907026295],[13.937499999999986],[4],"['inf,inf,inf']"
['849733'],"['46.21611639592763,-122.20494795042616']",[5000],"[UTCDateTime(2002, 8, 18, 22, 42, 42, 300000)]",[98.70476573729705],,[142.5751120926344],,[110.25371360300497],[97.06420310904993],[15.7],[5],"['0.245934256,0.380043512,0.170491324']"
['849693'],"['46.18911760617305,-122.19203246958193']",[1000],"[UTCDateTime(2002, 8, 18, 20, 30, 53, 50000)]",[59.85637580762789],,[221.5913657479177],,[60.61717696872717],[59.98191963408089],[15.512499999999989],[4],"['0.142729235,0.099859989,0.084392962']"
['849623'],"['46.20709944700913,-122.17904512303906']",[2000],"[UTCDateTime(2002, 10, 8, 8, 18, 6)]",[25.091331393470465],,[221.12516897504116],,[39.90498407348694],[17.692009873295472],[42.14],[5],"['0.864159698,1.044970864,0.719400757']"
['849593'],"['46.18909413640317,-122.16612541717174']",[1000],"[UTCDateTime(2002, 10, 8, 0, 46, 27, 827500)]",[24.389599618061997],,[154.09490217695455],,[29.318806371829353],[3.477598595036252],[42.035],[5],"['0.563949841,1.010145534,0.465461006']"
['849548'],"['46.18911760617305,-122.19203246958193']",[1000],"[UTCDateTime(2002, 8, 18, 16, 39, 20)]",[46.78863728203715],,[291.8134335591426],,[42.17651974705817],[47.52707195734271],[16.330000000000002],[5],"['0.35136509,0.265477419,0.255784785']"
['849493'],"['46.19811403676282,-122.19201767753954']",[1000],"[UTCDateTime(2002, 7, 28, 16, 25, 57)]",[59.25952776650069],,[191.24120763164248],,[55.53867421614969],[59.934229114296684],[47.47],[5],"['0.225397358,0.248269362,0.167506506']"
['849478'],"['46.252121702374225,-122.24380219368162']",[6000],"[UTCDateTime(2002, 7, 28, 14, 26, 7, 475000)]",[144.08312362132943],,[-1043.4508931924001],,[144.39420407823107],[143.97551098203508],[19.287499999999994],[4],"['182.125696476,0.039179571,181.34932053']"
['849088'],"['46.87504024102773,-121.70093601426343']",[5000],"[UTCDateTime(2002, 9, 23, 11, 56, 29, 25000)]",[163.12413599627473],,[51.7205833871502],,[151.66228936896457],[187.76174332818542],[5.649999999999999],[4],"['0.273038549,1.339774408,0.199443423']"
['848828'],"['46.21609584681671,-122.17902820341816']",[1000],"[UTCDateTime(2002, 11, 2, 11, 54, 52, 175000)]",[-10.582309293162895],,[352.60226624423336],,[-7.773129617686465],[-12.866839603923125],[20.619999999999997],[5],"['0.215322693,0.083933164,0.145152868']"
['848523'],"['46.198123573380435,-122.20497332446621']",[1000],"[UTCDateTime(2002, 9, 21, 16, 58, 48, 925000)]",[38.72905246934758],,[136.9157219955772],,[40.672230507477316],[37.15687522958616],[38.63000000000001],[5],"['0.053970323,0.119918619,0.041961927']"
['848318'],"['46.19811403676282,-122.19201767753954']",[1000],"[UTCDateTime(2002, 7, 25, 20, 47, 9)]",[31.152572340283754],,[211.1745510504821],,[14.326509187407835],[32.415040424913556],[26.160000000000004],[5],"['0.426908532,0.511779402,0.332101018']"
['846768'],"['46.19811403676282,-122.19201767753954']",[0],"[UTCDateTime(2002, 8, 13, 13, 24, 59)]",[33.70929524344597],,[117.02395322677086],,[33.70929524344602],[33.70929524344597],[53.512499999999996],[4],"['inf,inf,inf']"
['846753'],"['46.18911760617305,-122.19203246958193']",[1000],"[UTCDateTime(2002, 8, 13, 5, 47, 12, 225000)]",[66.08004164552369],,[77.38494087972995],,[70.67398957904267],[63.23059426652779],[13.524999999999991],[4],"['0.262302045,0.548051699,0.155287729']"
['846623'],"['46.18911760617305,-122.19203246958193']",[0],"[UTCDateTime(2002, 7, 20, 17, 26, 18)]",[45.30759447006206],,[166.04849497167243],,[45.88986062755106],[45.05027267480273],[18.35],[4],"['0.198688936,0.209335064,0.124553903']"
['846583'],"['46.20708697341162,-122.1660873724145']",[1000],"[UTCDateTime(2002, 6, 20, 0, 42, 21, 521200)]",[253.0148281944033],,[529.4542167820904],,[245.7490372203516],[249.96353710518002],[8.222399999999999],[5],"['3.96378147,1.113865126,3.600746677']"
['846373'],"['46.18911760617305,-122.19203246958193']",[0],"[UTCDateTime(2002, 8, 12, 12, 33, 37, 200000)]",[63.68638820587829],,[96.877275474277],,[64.00831332246226],[62.47448345824066],[10.859999999999996],[5],"['0.122628821,0.248220617,0.086597037']"
['846058'],"['46.189135208508965,-122.2179395412826']",[1000],"[UTCDateTime(2002, 9, 15, 20, 23, 17, 100000)]",[28.901921839694932],,[153.04832814299903],,[26.995749512453962],[28.257864951072353],[15.250000000000005],[5],"['0.109020154,0.132095645,0.057012382']"
['846038'],"['46.18911760617305,-122.19203246958193']",[0],"[UTCDateTime(2002, 9, 15, 13, 48, 30)]",[-237.57682411433248],,[464.7476904936823],,[129.84880802593034],[126.5691832040241],[20.662499999999987],[4],"['13.530874239,1.477114304,10.12795661']"
['845628'],"['46.20711045312764,-122.19200287918224']",[1000],"[UTCDateTime(2002, 7, 17, 11, 51, 21, 500100)]",[35.526856489401496],,[146.10417666645208],,[35.526856489401474],[35.52685648940147],[18.225200000000008],[4],"['inf,inf,inf']"
['845278'],"['46.1981030329759,-122.17906203543858']",[0],"[UTCDateTime(2002, 5, 31, 14, 36, 1, 975000)]",[67.89367164184347],,[122.90516264905179],,[67.89367164184345],[67.89367164184347],[20.212500000000006],[4],"['inf,inf,inf']"
['845238'],"['46.198123573380435,-122.20497332446621']",[0],"[UTCDateTime(2002, 7, 16, 16, 44, 1, 825000)]",[36.58748869254567],,[265.31310895275953],,[34.90139135221475],[36.51908954356286],[22.212500000000006],[4],"['0.168439835,0.166760271,0.123484409']"
['845193'],"['46.26112465170933,-122.28270726876059']",[14000],"[UTCDateTime(2002, 6, 17, 15, 11, 47, 398600)]",[88.2701530852838],,[7351.630872774456],,[88.16316238801579],[88.06921020872319],[33.58469999999998],[4],"['2.596970168,0.064686512,1.563348674']"
['845083'],"['46.19811403676282,-122.19201767753954']",[1000],"[UTCDateTime(2002, 9, 13, 3, 12, 30, 670900)]",[37.088989624145334],,[178.52825930068846],,[37.08898962414534],[37.08898962414535],[33.3043],[4],"['inf,inf,inf']"
['844858'],"['46.198123573380435,-122.20497332446621']",[1000],"[UTCDateTime(2002, 7, 15, 20, 33, 57)]",[42.04347690637518],,[277.32395412881135],,[40.84983565655388],[42.005763877922966],[28.54999999999999],[4],"['0.110632814,0.112660478,0.084439358']"
['844753'],"['46.19811403676282,-122.19201767753954']",[0],"[UTCDateTime(2002, 5, 30, 9, 59, 56)]",[49.08248448732641],,[165.37593128148492],,[49.08248448732642],[49.08248448732643],[14.125000000000007],[4],"['inf,inf,inf']"
['844653'],"['46.1981030329759,-122.17906203543858']",[0],"[UTCDateTime(2002, 5, 30, 3, 14, 49, 450000)]",[73.172008811926],,[107.98772675438752],,[73.17200881192599],[73.172008811926],[9.25],[4],"['inf,inf,inf']"
['844573'],"['46.1981030329759,-122.17906203543858']",[1000],"[UTCDateTime(2002, 5, 29, 23, 28, 14, 998600)]",[74.41316199216288],,[247.10617877242882],,[74.41316199216291],[74.41316199216288],[11.73469999999999],[4],"['inf,inf,inf']"
['844538'],"['46.18911760617305,-122.19203246958193']",[0],"[UTCDateTime(2002, 9, 11, 16, 26, 51)]",[48.131214118915274],,[321.66364510589165],,[48.979919685162514],[48.331830649170826],[50.32499999999999],[4],"['0.479811953,0.260187906,0.29668017']"
['843883'],"['46.189127140770765,-122.20498600336543']",[1000],"[UTCDateTime(2002, 7, 14, 1, 36, 31, 848000)]",[36.758481157182125],,[297.86179509590283],,[37.2562162325222],[36.78643956628861],[16.24600000000001],[4],"['0.265709495,0.205812241,0.193504239']"
['843723'],"['46.19811403676282,-122.19201767753954']",[0],"[UTCDateTime(2002, 7, 13, 15, 51, 52)]",[38.10829090631909],,[287.8518854372082],,[38.108290906319105],[38.10829090631909],[19.437499999999993],[4],"['inf,inf,inf']"
['843618'],"['46.18911760617305,-122.19203246958193']",[1000],"[UTCDateTime(2002, 9, 9, 1, 42, 38, 323000)]",[37.347792784350325],,[259.327310684623],,[37.06283127259702],[37.30078641254833],[23.05850000000001],[4],"['0.413843177,0.346350247,0.271148882']"
['843608'],"['46.19811403676282,-122.19201767753954']",[0],"[UTCDateTime(2002, 7, 13, 5, 26, 30, 375000)]",[49.29768344683362],,[123.27963857601621],,[49.297683446833666],[49.29768344683361],[14.54999999999999],[4],"['inf,inf,inf']"
['843598'],"['46.189127140770765,-122.20498600336543']",[1000],"[UTCDateTime(2002, 9, 9, 1, 20, 55, 998000)]",[36.004432291022184],,[226.4515058870221],,[35.353798683571675],[37.554953447813155],[16.733500000000006],[4],"['0.308285743,0.290573299,0.224112264']"
['842763'],"['46.19811403676282,-122.19201767753954']",[0],"[UTCDateTime(2002, 9, 7, 5, 28, 25)]",[33.872258351183284],,[654.4109353997144],,[33.87225835118328],[33.8722583511833],[24.637499999999996],[4],"['inf,inf,inf']"
['842613'],"['46.20709944700913,-122.17904512303906']",[0],"[UTCDateTime(2002, 5, 26, 18, 9, 1, 460000)]",[-15.927542965346765],,[305.66086288691486],,[-15.927542965346772],[-15.927542965346772],[16.83249999999999],[4],"['inf,inf,inf']"
['842488'],"['46.1981030329759,-122.17906203543858']",[1000],"[UTCDateTime(2002, 8, 7, 9, 36, 20, 50000)]",[65.15836543465873],,[370.84710716363537],,[65.15836543465875],[65.15836543465873],[12.812499999999993],[4],"['inf,inf,inf']"
['842353'],"['46.857175605795106,-121.77968991796128']",[5000],"[UTCDateTime(2002, 5, 25, 14, 33, 40, 575000)]",[865.4184457886656],,[175.91604606334525],,[145.32472919619818],[866.0279963114376],[86.9375],[4],"['0.062759009,0.064297951,0.038585661']"
['842333'],"['46.20708697341162,-122.1660873724145']",[2000],"[UTCDateTime(2002, 5, 25, 14, 25, 15, 650000)]",[37.27368703972386],,[139.28509456065615],,[49.784642660520426],[45.29715825964441],[15.191666666666663],[6],"['0.319977271,0.4683507,0.253217799']"
['842308'],"['46.19811403676282,-122.19201767753954']",[0],"[UTCDateTime(2002, 7, 10, 0, 8, 23, 777700)]",[20.663889391957024],,[126.60504410898938],,[19.56329912813597],[23.80248651515104],[9.747066666666655],[6],"['0.153587592,0.33007936,0.128064734']"
['842183'],"['46.18911760617305,-122.19203246958193']",[0],"[UTCDateTime(2002, 8, 7, 3, 13, 16, 54100)]",[51.31700944649389],,[233.76620093449284],,[50.72023646273495],[51.03828029478944],[8.208199999999998],[4],"['0.196279907,0.169097911,0.119657616']"
['841488'],"['46.19811403676282,-122.19201767753954']",[1000],"[UTCDateTime(2002, 9, 3, 20, 44, 10)]",[43.51127712080272],,[163.56803925087166],,[43.511277120802745],[43.51127712080274],[23.662500000000016],[4],"['inf,inf,inf']"
['841368'],"['46.18911760617305,-122.19203246958193']",[0],"[UTCDateTime(2002, 8, 6, 10, 53, 16, 996000)]",[67.31711401777787],,[214.7088057176392],,[67.7439042378189],[67.10955132565869],[8.466999999999992],[4],"['0.122992188,0.085677833,0.071468662']"
['841138'],"['46.18911760617305,-122.19203246958193']",[0],"[UTCDateTime(2002, 8, 5, 22, 11, 25, 100000)]",[63.783776958695675],,[240.1241328373215],,[62.952775964431936],[63.55031031759161],[25.112499999999997],[4],"['0.139466366,0.098370962,0.081621666']"
['841088'],"['46.19811403676282,-122.19201767753954']",[1000],"[UTCDateTime(2002, 7, 7, 13, 42, 32, 4900)]",[78.78618084231175],,[185.06085917972266],,[77.0365648239053],[78.44567877050034],[9.579800000000011],[5],"['0.375209134,0.403363678,0.273456956']"
['840913'],"['46.19811403676282,-122.19201767753954']",[0],"[UTCDateTime(2002, 8, 5, 7, 24, 44)]",[36.27598379265244],,[183.38971877151383],,[36.27598379265247],[36.27598379265244],[37.55],[4],"['inf,inf,inf']"
['840873'],"['46.18013069393675,-122.20499867685513']",[2000],"[UTCDateTime(2002, 8, 5, 2, 17, 30, 225000)]",[18.285921332082868],,[441.44307863311053],,[14.473857163680014],[16.610088626680295],[19.6],[5],"['0.477347479,0.194353184,0.312231062']"
['840763'],"['46.18911760617305,-122.19203246958193']",[0],"[UTCDateTime(2002, 7, 6, 14, 41, 19, 875000)]",[50.911630944529584],,[226.20615563140302],,[47.30666403019239],[50.05919535616999],[15.762499999999996],[4],"['0.627278315,0.576785141,0.383065111']"
['840533'],"['46.20709944700913,-122.17904512303906']",[1000],"[UTCDateTime(2002, 6, 10, 5, 54, 12, 429000)]",[49.049991237964235],,[269.43598802032625],,[70.27455089438246],[40.94806307503914],[12.527999999999997],[5],"['0.779737858,0.988694774,0.691119452']"
['840278'],"['46.1981030329759,-122.17906203543858']",[1000],"[UTCDateTime(2002, 9, 1, 9, 57, 39)]",[56.637962012012615],,[252.44327622198864],,[58.39435971679641],[56.07228918770536],[19.899999999999988],[5],"['0.42001484,0.20840324,0.307927991']"
['840228'],"['46.198123573380435,-122.20497332446621']",[1000],"[UTCDateTime(2002, 9, 1, 8, 41, 57)]",[47.54409342163497],,[154.4197690324762],,[49.406531967146016],[48.316915248918846],[39.7125],[4],"['0.254650653,0.486466015,0.202044124']"
['839798'],"['46.19811403676282,-122.19201767753954']",[0],"[UTCDateTime(2002, 8, 3, 19, 50, 47, 625000)]",[38.89310900601698],,[236.13320236749783],,[34.413319078006396],[38.75111685839658],[22.149999999999995],[5],"['0.186847082,0.195205343,0.143493642']"
['839603'],"['46.19811403676282,-122.19201767753954']",[0],"[UTCDateTime(2002, 7, 4, 5, 24, 39)]",[66.47830575902255],,[122.03397303150166],,[66.47830575902255],[66.47830575902259],[16.749999999999986],[4],"['inf,inf,inf']"
['838643'],"['46.21609584681671,-122.17902820341816']",[1000],"[UTCDateTime(2002, 5, 19, 21, 16, 30, 650000)]",[-4.6639103460383335],,[247.02025272944488],,[-6.874379862884734],[-3.03221455300631],[11.20000000000001],[4],"['0.309858537,0.188167838,0.198832378']"
['838473'],"['46.1981030329759,-122.17906203543858']",[0],"[UTCDateTime(2002, 6, 4, 16, 44, 51)]",[63.491166890624264],,[79.42120326800382],,[63.49116689062424],[63.49116689062428],[10.162500000000001],[4],"['inf,inf,inf']"
['838368'],"['46.20708697341162,-122.1660873724145']",[1000],"[UTCDateTime(2002, 6, 4, 7, 58, 32, 693700)]",[125.7041999152798],,[50.25775728012332],,[117.99469008382651],[-571.0961823167216],[18.067400000000013],[5],"['0.297167012,2.375722017,0.438368536']"
['838348'],"['46.21609584681671,-122.17902820341816']",[2000],"[UTCDateTime(2002, 5, 19, 10, 16, 47, 800000)]",[-6.971809083743429],,[301.1314978945316],,[-8.389004188484995],[-0.28250792426199317],[7.450000000000012],[5],"['0.478788775,0.280153088,0.332994184']"
['838228'],"['46.19811403676282,-122.19201767753954']",[0],"[UTCDateTime(2002, 5, 18, 0, 42, 28, 996300)]",[36.83646689832368],,[140.07105276904855],,[35.74947533488202],[37.614559491793436],[4.942599999999999],[5],"['0.073214371,0.134260943,0.052010145']"
['837823'],"['46.1981030329759,-122.17906203543858']",[1000],"[UTCDateTime(2002, 6, 3, 14, 57, 44, 875000)]",[54.95290809163352],,[117.82388046784124],,[54.952908091633454],[54.95290809163346],[16.137499999999996],[4],"['inf,inf,inf']"
['837418'],"['46.18914180938682,-122.23089308264451']",[14000],"[UTCDateTime(2002, 6, 2, 16, 17, 5, 200000)]",[146.02137541070215],,[224.26945436593536],,[1947.2341350110376],[1586.3409004541656],[-3.7249999999999943],[4],"['0.50245736,0.085187034,0.141818458']"
['835223'],"['46.22507975351317,-122.16604929516102']",[1000],"[UTCDateTime(2002, 2, 22, 20, 10, 28, 992900)]",[-4.305246788125216],,[239.84451139843247],,[-11.836379171214107],[-1.8864130329540638],[9.798299999999998],[4],"['0.762965812,0.549137112,0.466710267']"
['834988'],"['46.171113705520135,-122.17911272935235']",[4000],"[UTCDateTime(2002, 4, 12, 18, 32, 35, 776200)]",[71.78907178290977],,[275.46541078733065],,[60.40945452894489],[71.25344574037751],[19.52382857142856],[7],"['0.333545514,0.210672613,0.222158937']"
['834928'],"['46.21609584681671,-122.17902820341816']",[2000],"[UTCDateTime(2002, 4, 12, 7, 18, 12, 347400)]",[31.11997688871539],,[172.60056338092792],,[32.75785837180979],[47.168038003247155],[7.630514285714282],[7],"['0.285418907,0.3883966,0.218031164']"
['833413'],"['46.20709944700913,-122.17904512303906']",[1000],"[UTCDateTime(2002, 5, 5, 1, 46, 12, 798200)]",[91.46314827204887],,[49.25975381105852],,[91.4631482720488],[91.463148272049],[5.5214],[4],"['inf,inf,inf']"
['830593'],"['46.21609584681671,-122.17902820341816']",[1000],"[UTCDateTime(2002, 1, 2, 17, 36, 16, 975800)]",[-11.947214865069528],,[262.793971576598],,[-18.93136537649771],[-6.963952867554302],[9.531599999999987],[5],"['0.486274604,0.275723813,0.324201932']"
['830328'],"['46.18009769655833,-122.16614442737654']",[3000],"[UTCDateTime(2001, 11, 28, 20, 40, 16, 70300)]",[114.82869423663097],,[94.55529164289904],,[115.94289649588772],[114.92441171333112],[79.2656],[4],"['0.054211423,0.125924208,0.03720629']"
['829988'],"['46.20709944700913,-122.17904512303906']",[2000],"[UTCDateTime(2001, 9, 26, 3, 36, 53, 426100)]",[-24.695563214524068],,[205.74732146432967],,[-24.695563214524054],[-24.695563214524093],[63.00219999999998],[4],"['inf,inf,inf']"
['829903'],"['46.20709944700913,-122.17904512303906']",[1000],"[UTCDateTime(2002, 1, 1, 21, 32, 48, 825000)]",[-25.501440584923067],,[226.46228631581326],,[-25.839052285520946],[-25.41302583917747],[23.349999999999987],[5],"['0.093817965,0.051493205,0.058324506']"
['829833'],"['46.180110162231614,-122.17909583859085']",[2000],"[UTCDateTime(2001, 12, 1, 6, 27, 41, 246200)]",[80.7875077255279],,[88.33436134278375],,[89.33439173571495],[81.26984905224634],[44.202400000000004],[5],"['0.401897357,0.708976017,0.173925053']"
['829508'],"['46.1981030329759,-122.17906203543858']",[2000],"[UTCDateTime(2001, 9, 24, 5, 40, 51, 796800)]",[65.3339823940063],,[249.88511823831686],,[65.33398239400627],[65.3339823940063],[27.806099999999994],[4],"['inf,inf,inf']"
['829503'],"['46.18911760617305,-122.19203246958193']",[0],"[UTCDateTime(2001, 9, 24, 5, 37, 26, 996800)]",[44.42851215850302],,[282.36165806503266],,[44.17123123921732],[44.271197373971376],[28.931099999999986],[4],"['0.401005378,0.280409714,0.252514604']"
['829493'],"['46.18911760617305,-122.19203246958193']",[1000],"[UTCDateTime(2001, 7, 31, 21, 30, 59, 2900)]",[37.484394659189086],,[332.7742788129297],,[37.18377796591875],[37.31808141565119],[29.18079999999999],[4],"['0.383157477,0.260794973,0.250837832']"
['829483'],"['46.1981030329759,-122.17906203543858']",[1000],"[UTCDateTime(2001, 9, 24, 5, 15, 47, 871800)]",[55.64578352261695],,[278.34794305830803],,[55.67425829122741],[57.10322908799153],[40.41359999999998],[5],"['0.150339026,0.10575034,0.110832493']"
['829313'],"['46.18911760617305,-122.19203246958193']",[1000],"[UTCDateTime(2001, 9, 23, 9, 53, 59, 200)]",[58.36476649161493],,[218.59598020778049],,[57.786518273018025],[58.0264440839988],[18.900400000000005],[4],"['0.144880735,0.111202553,0.086054345']"
['829303'],"['46.18012116135813,-122.19204725531323']",[1000],"[UTCDateTime(2001, 9, 23, 8, 12, 40, 200)]",[33.06714668565901],,[262.79581494263834],,[32.66467831663843],[32.68379469660794],[16.412900000000015],[4],"['0.498790279,0.314679389,0.29994281']"
['829268'],"['46.81221431275914,-121.79291249966143']",[15000],"[UTCDateTime(2001, 11, 25, 8, 17, 31, 654300)]",[138.50067835800613],,[167.58237036948532],,[501.6809634651552],[138.65020549370118],[8.621100000000006],[4],"['0.24116487,0.185281719,0.125644386']"
['829103'],"['46.1981030329759,-122.17906203543858']",[2000],"[UTCDateTime(2001, 9, 22, 11, 24, 34, 728500)]",[57.99517900208326],,[301.7454890794297],,[57.995179002083226],[57.99517900208321],[129.4195],[4],"['inf,inf,inf']"
['829098'],"['46.19811403676282,-122.19201767753954']",[1000],"[UTCDateTime(2001, 9, 22, 11, 19, 38, 928500)]",[51.26841012460235],,[300.02837143300195],,[49.53959847126803],[54.375296940923505],[97.86699999999999],[5],"['0.374762089,0.348037476,0.280817513']"
['829093'],"['46.1981030329759,-122.17906203543858']",[2000],"[UTCDateTime(2001, 9, 22, 11, 15, 35, 28500)]",[47.63771425489095],,[208.9537739296981],,[47.637714254890966],[47.63771425489097],[74.15700000000001],[4],"['inf,inf,inf']"
['828968'],"['46.189106604716805,-122.17907894062105']",[2000],"[UTCDateTime(2001, 6, 30, 15, 29, 27, 673400)]",[69.80492157600926],,[211.51535359112694],,[68.18057541757099],[69.86960992034857],[33.25930000000003],[4],"['0.622181665,0.30347562,0.294177227']"
['828938'],"['46.198123573380435,-122.20497332446621']",[1000],"[UTCDateTime(2001, 8, 31, 6, 41, 52, 500)]",[61.14311735098082],,[166.94682293650513],,[58.87708231205711],[58.16387914171391],[43.426000000000016],[4],"['0.357084033,0.674067718,0.304668548']"
['828918'],"['46.1981030329759,-122.17906203543858']",[1000],"[UTCDateTime(2001, 8, 31, 5, 33, 32, 675500)]",[74.08607691132791],,[278.81998066102153],,[74.08607691132791],[74.0860769113279],[68.92600000000002],[4],"['inf,inf,inf']"
['828678'],"['46.84816297896432,-121.76660290551352']",[7000],"[UTCDateTime(2001, 11, 22, 19, 14, 0, 371200)]",[132.55666040842613],,[406.1652638490617],,[131.49301926329616],[132.42382723136708],[26.567400000000006],[4],"['0.471932991,0.078385819,0.129030765']"
['828543'],"['46.18911760617305,-122.19203246958193']",[1000],"[UTCDateTime(2001, 8, 30, 13, 9, 32, 999400)]",[65.15097636917233],,[143.20713117239072],,[64.30622510989106],[64.38832870611917],[43.47379999999998],[4],"['0.204528334,0.208920871,0.119340334']"
['828388'],"['46.19811403676282,-122.19201767753954']",[0],"[UTCDateTime(2001, 9, 21, 20, 51, 57, 374900)]",[64.46671284669955],,[215.6569396032322],,[64.46671284669954],[64.46671284669954],[89.6873],[4],"['inf,inf,inf']"
['827743'],"['46.18911760617305,-122.19203246958193']",[1000],"[UTCDateTime(2001, 9, 20, 13, 35, 9, 402100)]",[56.94922181633668],,[196.90958687841612],,[56.47869865736301],[56.53318193878329],[26.29169999999999],[4],"['0.212805421,0.177541596,0.126984922']"
['826453'],"['46.180110162231614,-122.17909583859085']",[0],"[UTCDateTime(2001, 9, 18, 14, 12, 35, 999500)]",[-26.069121322291092],,[101593.07032815964],,[-26.06912132229109],[-26.06912132229105],[26.449000000000012],[4],"['inf,inf,inf']"
['826418'],"['46.20711045312764,-122.19200287918224']",[1000],"[UTCDateTime(2001, 11, 17, 9, 3, 23, 974700)]",[4.623847593583166],,[27.076774572889686],,[4.623847593578856],[4.623847593583299],[33.289400000000015],[5],"['inf,inf,inf']"
['825938'],"['46.18911760617305,-122.19203246958193']",[0],"[UTCDateTime(2001, 9, 17, 21, 26, 25, 171800)]",[56.65100192257797],,[306.2576842199436],,[56.88444165865982],[56.603924144225424],[39.71859999999999],[4],"['0.062647198,0.033850148,0.037420631']"
['825838'],"['46.20707303233638,-122.15312962799838']",[1000],"[UTCDateTime(2001, 11, 16, 3, 23, 40, 975300)]",[40.4862622655671],,[168.814392482821],,[37.03933759300565],[39.95126541501711],[22.963099999999997],[4],"['0.127681543,0.294417466,0.15585169']"
['824523'],"['46.1981030329759,-122.17906203543858']",[1000],"[UTCDateTime(2001, 8, 23, 14, 39, 6, 2100)]",[56.48402615190785],,[278.0950673054609],,[56.484026151907855],[56.484026151907855],[32.77919999999999],[4],"['inf,inf,inf']"
['824498'],"['46.20709944700913,-122.17904512303906']",[1000],"[UTCDateTime(2001, 8, 23, 6, 21, 29, 477100)]",[-37.23222188757418],,[153.08351660032977],,[-37.23222188757417],[-37.23222188757419],[37.31669999999999],[4],"['inf,inf,inf']"
['824003'],"['46.20709944700913,-122.17904512303906']",[2000],"[UTCDateTime(2001, 9, 15, 4, 50, 2, 400200)]",[-14.513954454190841],,[143.5436623481714],,[-14.513954454190886],[-14.51395445419085],[44.0879],[4],"['inf,inf,inf']"
['823313'],"['46.18911760617305,-122.19203246958193']",[1000],"[UTCDateTime(2001, 9, 14, 11, 59, 57, 999600)]",[68.41505425307452],,[188.0585045532669],,[69.64050554196453],[67.6028926737702],[24.286699999999982],[4],"['0.394554717,0.290438537,0.228855322']"
['823293'],"['46.19811403676282,-122.19201767753954']",[1000],"[UTCDateTime(2001, 9, 14, 11, 31, 5, 974600)]",[55.63404823900934],,[179.16543116853572],,[55.634048239009324],[55.63404823900933],[17.96169999999998],[4],"['inf,inf,inf']"
['822923'],"['46.189127140770765,-122.20498600336543']",[2000],"[UTCDateTime(2001, 11, 10, 21, 7, 14, 176600)]",[41.71687822435655],,[120.7338791849994],,[57.8383089930906],[25.106596075995164],[21.824628571428555],[7],"['0.645673156,0.922063306,0.454907445']"
['822043'],"['46.18911760617305,-122.19203246958193']",[1000],"[UTCDateTime(2001, 10, 16, 1, 54, 15, 20700)]",[56.651563456997195],,[156.01585537812176],,[53.010241257610794],[54.588396679637896],[21.42889999999999],[4],"['0.550245721,0.635828479,0.328673951']"
['821888'],"['46.198123573380435,-122.20497332446621']",[0],"[UTCDateTime(2001, 9, 13, 7, 7, 52, 2800)]",[27.719795208321305],,[161.0801746599487],,[27.739658489454893],[27.043095121628703],[10.580599999999976],[4],"['0.133390738,0.229585104,0.091675502']"
['821873'],"['46.18911760617305,-122.19203246958193']",[0],"[UTCDateTime(2001, 7, 18, 9, 41, 34, 771900)]",[54.66356020409644],,[260.24077899788176],,[55.53092273247489],[54.822211203623425],[41.3188],[4],"['0.158571829,0.10757953,0.095393369']"
['821673'],"['46.20709944700913,-122.17904512303906']",[3000],"[UTCDateTime(2001, 8, 17, 14, 52, 22, 378100)]",[87.02572201284057],,[262.5233532258313],,[94.2156375349842],[69.5094904465466],[4.036200000000013],[5],"['1.823293456,0.871127427,0.794480106']"
['821668'],"['46.19811403676282,-122.19201767753954']",[0],"[UTCDateTime(2001, 7, 17, 17, 30, 6, 1900)]",[50.63105281234445],,[233.15455297211741],,[50.63105281234446],[50.63105281234445],[36.10380000000001],[4],"['inf,inf,inf']"
['820308'],"['46.16213775759489,-122.20502400761904']",[7000],"[UTCDateTime(2001, 7, 13, 14, 29, 24, 997700)]",[10.970125734502416],,[1322.7709955786254],,[10.871668809996917],[10.906067467105203],[23.99539999999999],[4],"['0.666409683,0.078782091,0.577438034']"
['820038'],"['46.18911760617305,-122.19203246958193']",[1000],"[UTCDateTime(2001, 8, 14, 19, 13, 11, 771500)]",[66.0236276172196],,[287.29805634005857],,[65.51362387798034],[69.19072103038793],[14.372999999999996],[5],"['0.286790438,0.18804692,0.189866013']"
['819833'],"['46.19811403676282,-122.19201767753954']",[0],"[UTCDateTime(2001, 10, 11, 2, 58, 48, 995100)]",[52.17513831585039],,[253.1171831978667],,[52.175138315850404],[52.17513831585039],[22.490199999999987],[4],"['inf,inf,inf']"
['819828'],"['46.1981030329759,-122.17906203543858']",[2000],"[UTCDateTime(2001, 8, 14, 5, 44, 17, 921500)]",[29.887575570811354],,[200.24777708753808],,[29.887575570811357],[29.88757557081141],[12.405500000000004],[4],"['inf,inf,inf']"
['819733'],"['46.18012116135813,-122.19204725531323']",[0],"[UTCDateTime(2001, 8, 14, 0, 19, 47, 746500)]",[56.2949158569994],,[249.45844754673502],,[56.93669979874576],[55.48109483042382],[12.593000000000004],[4],"['0.167625439,0.098899173,0.098944541']"
['819338'],"['46.19809056202087,-122.16610639885269']",[2000],"[UTCDateTime(2001, 8, 13, 14, 39, 50, 824300)]",[14.482128195316163],,[84.83559405887831],,[17.300620825833477],[16.79180831130009],[29.37360000000001],[4],"['0.096510929,0.316870947,0.097669998']"
['818783'],"['46.20711045312764,-122.19200287918224']",[2000],"[UTCDateTime(2001, 11, 2, 17, 49, 38, 724600)]",[43.522971375649504],,[263.51316385354954],,[43.52297137564952],[43.52297137564948],[27.699199999999998],[5],"['inf,inf,inf']"
['818683'],"['46.18911760617305,-122.19203246958193']",[1000],"[UTCDateTime(2001, 9, 11, 2, 22, 27, 1700)]",[35.80488819624217],,[150.20714620379567],,[35.85763153124572],[35.762265620489174],[23.365900000000018],[4],"['0.103825102,0.131746759,0.06866784']"
['818398'],"['46.19811403676282,-122.19201767753954']",[1000],"[UTCDateTime(2001, 8, 12, 9, 13, 41, 996300)]",[42.96903073777614],,[150.09520870359043],,[42.96903073777618],[42.96903073777614],[13.192600000000006],[4],"['inf,inf,inf']"
['818208'],"['46.19811403676282,-122.19201767753954']",[0],"[UTCDateTime(2001, 7, 9, 7, 15, 30, 996600)]",[36.382904759535165],,[17.650717958964076],,[36.382904759534995],[36.38290475953537],[6.430700000000002],[4],"['inf,inf,inf']"
['817908'],"['46.84816297896432,-121.76660290551352']",[8000],"[UTCDateTime(2001, 10, 8, 2, 48, 33, 672000)]",[132.8443467140942],,[306.97796694096263],,[132.0932828271779],[132.86866241426804],[18.494],[4],"['0.541983599,0.115745968,0.148218226']"
['817633'],"['46.16205859745736,-122.12734089500432']",[8000],"[UTCDateTime(2001, 9, 9, 20, 3, 50, 822100)]",[-49.89606295138666],,[-3953.4204932692796],,[-51.943336641159185],[-48.234183854125675],[39.724199999999996],[5],"['7.202201512,0.123525232,7.069466815']"
['817603'],"['46.1981030329759,-122.17906203543858']",[2000],"[UTCDateTime(2001, 9, 9, 19, 27, 11, 897100)]",[48.33196371173227],,[289.87763587530213],,[48.33196371173226],[48.33196371173228],[68.58170000000001],[4],"['inf,inf,inf']"
['817583'],"['46.1981030329759,-122.17906203543858']",[2000],"[UTCDateTime(2001, 9, 9, 17, 2, 34, 772100)]",[65.14522766475022],,[210.5396047209447],,[65.14522766475024],[65.14522766475024],[36.931700000000006],[4],"['inf,inf,inf']"
['817578'],"['46.1981030329759,-122.17906203543858']",[1000],"[UTCDateTime(2001, 9, 9, 16, 27, 44, 772100)]",[51.70868768568533],,[236.8789825546044],,[51.70868768568533],[51.70868768568542],[85.84420000000001],[4],"['inf,inf,inf']"
['817118'],"['46.20708697341162,-122.1660873724145']",[1000],"[UTCDateTime(2001, 10, 6, 0, 46, 1, 554900)]",[35.20678391606854],,[257.1006482556838],,[43.50796244481995],[34.70192841902163],[16.249799999999993],[5],"['0.456984208,0.645000079,0.463180112']"
['817113'],"['46.19811403676282,-122.19201767753954']",[0],"[UTCDateTime(2001, 6, 18, 14, 39, 52, 997200)]",[39.198188991813694],,[203.32011478650125],,[39.19818899181371],[39.1981889918137],[21.394400000000033],[4],"['inf,inf,inf']"
['816618'],"['46.189106604716805,-122.17907894062105']",[1000],"[UTCDateTime(2001, 8, 9, 13, 54, 41, 626500)]",[60.17768450611964],,[295.89608474966667],,[57.731483576529286],[61.97063307485528],[10.577999999999989],[4],"['0.534300788,0.213158236,0.31207851']"
['816573'],"['46.19811403676282,-122.19201767753954']",[0],"[UTCDateTime(2001, 7, 6, 17, 25, 8, 996600)]",[34.97803596903971],,[268.6195030678993],,[34.9780359690397],[34.97803596903971],[19.54319999999999],[4],"['inf,inf,inf']"
['816448'],"['46.85713959923772,-121.75346339001669']",[6000],"[UTCDateTime(2001, 4, 28, 6, 50, 31, 649000)]",[50.06820239544539],,[115.59806716068144],,[50.10399762607803],[49.875811274929404],[17.497999999999998],[4],"['0.0268277,0.10092959,0.023272327']"
['816413'],"['46.18911760617305,-122.19203246958193']",[0],"[UTCDateTime(2001, 9, 7, 1, 41, 8, 997900)]",[64.59142851724232],,[182.3178543574449],,[64.0493946840619],[64.19665527555672],[25.658299999999997],[4],"['0.25577362,0.208113687,0.149419258']"
['816403'],"['46.189127140770765,-122.20498600336543']",[1000],"[UTCDateTime(2001, 6, 17, 2, 35, 4, 4300)]",[22.998494198853226],,[314.40279637449316],,[22.30436790536482],[23.568420303529177],[20.57110000000001],[4],"['0.229923009,0.161345701,0.162940976']"
['816378'],"['46.180110162231614,-122.17909583859085']",[1000],"[UTCDateTime(2001, 9, 6, 22, 33, 55, 724300)]",[-36.75984352922426],,[-1798.916814187628],,[-36.75984352922427],[-36.759843529224234],[18.31109999999999],[4],"['inf,inf,inf']"
['816328'],"['46.19811403676282,-122.19201767753954']",[0],"[UTCDateTime(2001, 6, 16, 16, 6, 2, 728700)]",[42.79823739986297],,[135.5803088318676],,[42.79823739986297],[42.79823739986296],[2.182399999999987],[4],"['inf,inf,inf']"
['815993'],"['46.857119345562786,-121.74035013991426']",[4000],"[UTCDateTime(2001, 4, 28, 1, 38, 37, 999000)]",[42.989842208955594],,[66.57766867534512],,[41.615209278379524],[42.72343779373317],[18.397999999999982],[4],"['0.069424882,0.5008913,0.054759013']"
['815853'],"['46.18911760617305,-122.19203246958193']",[0],"[UTCDateTime(2001, 9, 5, 22, 38, 21, 1700)]",[39.862330032897965],,[151.32524282421525],,[39.9422461250116],[39.96470406173606],[9.015899999999995],[4],"['0.061386396,0.091336781,0.039630605']"
['815688'],"['46.180110162231614,-122.17909583859085']",[1000],"[UTCDateTime(2001, 9, 5, 13, 6, 31, 1700)]",[-27.717648352841962],,[19453.95645825605],,[-27.717648352841945],[-27.717648352841923],[14.353399999999993],[4],"['inf,inf,inf']"
['815553'],"['46.18911760617305,-122.19203246958193']",[0],"[UTCDateTime(2001, 8, 8, 18, 6, 4, 995500)]",[62.222737927967636],,[197.25959771303877],,[63.27878151264328],[60.13088173795339],[13.728500000000025],[4],"['0.564089197,0.392835515,0.331381912']"
['815538'],"['46.189106604716805,-122.17907894062105']",[1000],"[UTCDateTime(2001, 8, 8, 17, 55, 4, 895500)]",[58.708229675045395],,[177.9415003978969],,[60.61232327498613],[63.058939209757035],[20.42850000000002],[4],"['1.039366167,0.639970172,0.611554627']"
['815358'],"['46.20711045312764,-122.19200287918224']",[3000],"[UTCDateTime(2001, 10, 3, 4, 19, 41, 3700)]",[80.46985704924585],,[317.79412636445],,[90.30075290787623],[76.24741451597434],[39.92406666666666],[6],"['0.905720392,0.519155454,0.54292562']"
['815308'],"['46.18911760617305,-122.19203246958193']",[1000],"[UTCDateTime(2001, 6, 15, 8, 41, 25, 978500)]",[44.612589146656354],,[271.80303978601523],,[43.68523104518814],[44.30262791445571],[14.819499999999998],[4],"['0.485214726,0.37535848,0.305251372']"
['815228'],"['46.19811403676282,-122.19201767753954']",[0],"[UTCDateTime(2001, 8, 7, 21, 46, 29, 248300)]",[76.1902552957841],,[212.99149819979243],,[76.19025529578411],[76.19025529578411],[5.7590999999999966],[4],"['inf,inf,inf']"
['815053'],"['46.198123573380435,-122.20497332446621']",[0],"[UTCDateTime(2001, 4, 26, 12, 17, 12, 23100)]",[11.338917633712375],,[108.7915273262199],,[3.9505550360875277],[8.986226728828411],[5.283699999999996],[4],"['0.431748694,0.807270408,0.268335087']"
['815013'],"['46.198123573380435,-122.20497332446621']",[0],"[UTCDateTime(2001, 4, 26, 9, 40, 4, 473100)]",[46.9213954377381],,[136.7969431542154],,[38.31289047786971],[41.072044783133364],[25.171199999999992],[4],"['0.324590951,0.737182355,0.256450013']"
['814788'],"['46.19811403676282,-122.19201767753954']",[1000],"[UTCDateTime(2001, 6, 14, 21, 26, 51, 422500)]",[53.83634538084514],,[222.03104108088652],,[53.836345380845096],[53.83634538084513],[5.269999999999996],[4],"['inf,inf,inf']"
['814763'],"['46.198123573380435,-122.20497332446621']",[0],"[UTCDateTime(2001, 9, 3, 23, 44, 40, 997300)]",[44.10592545027222],,[174.7051206894415],,[41.4503686849247],[43.42268697391197],[26.20709999999999],[4],"['0.24592977,0.401277288,0.190516111']"
['814738'],"['46.198123573380435,-122.20497332446621']",[1000],"[UTCDateTime(2001, 4, 25, 20, 43, 9, 1700)]",[24.789577592105097],,[141.86125595618748],,[22.99946062056381],[24.22673229489822],[14.753399999999992],[4],"['0.284773859,0.453801699,0.191799089']"
['814573'],"['46.1981030329759,-122.17906203543858']",[1000],"[UTCDateTime(2001, 10, 1, 10, 45, 41, 621100)]",[62.84999127881336],,[295.7876427663944],,[62.84999127881338],[62.84999127881338],[81.4047],[4],"['inf,inf,inf']"
['814548'],"['46.20708697341162,-122.1660873724145']",[2000],"[UTCDateTime(2001, 9, 3, 4, 9, 54, 947300)]",[21.44579949792477],,[137.4453740980936],,[16.89073393169195],[22.51051787423462],[12.832100000000004],[4],"['0.230330048,0.490159596,0.213798018']"
['813928'],"['46.18911760617305,-122.19203246958193']",[0],"[UTCDateTime(2001, 8, 4, 4, 39, 36, 895400)]",[41.645414196106536],,[160.33873823748317],,[40.710761005466104],[41.0130708650008],[11.578300000000013],[4],"['0.436417755,0.527841059,0.278934292']"
['813908'],"['46.18911760617305,-122.19203246958193']",[0],"[UTCDateTime(2001, 8, 4, 1, 10, 59, 595400)]",[66.48050804506643],,[150.45019356224088],,[65.0451278718861],[65.2870635829564],[18.8408],[4],"['0.425424377,0.425753072,0.247579795']"
['813593'],"['46.20709944700913,-122.17904512303906']",[1000],"[UTCDateTime(2001, 5, 31, 5, 11, 32, 570100)]",[43.142065575852484],,[216.13800363538334],,[102.46985453157843],[37.57562414829607],[12.110199999999981],[5],"['0.788227045,1.496103316,0.718020626']"
['813483'],"['46.198123573380435,-122.20497332446621']",[1000],"[UTCDateTime(2001, 6, 13, 20, 53, 28, 300400)]",[48.983041877000886],,[203.9526818937578],,[47.69151057512904],[50.89404436415728],[13.375799999999998],[4],"['0.287210572,0.391883873,0.230063328']"
['813193'],"['46.1981030329759,-122.17906203543858']",[2000],"[UTCDateTime(2001, 8, 2, 8, 25, 33, 821700)]",[73.61614491028453],,[267.20818832939847],,[73.61614491028453],[73.61614491028452],[24.34340000000001],[4],"['inf,inf,inf']"
['812308'],"['46.198123573380435,-122.20497332446621']",[1000],"[UTCDateTime(2001, 6, 11, 21, 15, 20, 879900)]",[23.659704132129903],,[186.30422024734244],,[20.61012757961157],[23.764146879130198],[30.359800000000014],[4],"['0.284840729,0.335734703,0.190395326']"
['812018'],"['46.19811403676282,-122.19201767753954']",[1000],"[UTCDateTime(2001, 7, 1, 2, 8, 59, 400)]",[44.84343397778701],,[194.55651626018744],,[44.843433977787015],[44.84343397778699],[13.32579999999998],[4],"['inf,inf,inf']"
['811538'],"['46.19811403676282,-122.19201767753954']",[0],"[UTCDateTime(2001, 6, 8, 9, 27, 4, 498500)]",[43.100953128985566],,[92.63783374522816],,[43.10095312898551],[43.1009531289855],[35.57200000000002],[4],"['inf,inf,inf']"
['810938'],"['46.19811403676282,-122.19201767753954']",[0],"[UTCDateTime(2001, 6, 7, 5, 45, 28, 3700)]",[36.56021199916599],,[115.98525604115989],,[36.56021199916585],[36.56021199916584],[17.382399999999976],[4],"['inf,inf,inf']"
['810718'],"['46.198123573380435,-122.20497332446621']",[1000],"[UTCDateTime(2001, 6, 6, 19, 37, 53, 997900)]",[48.48616581468212],,[135.84865428223713],,[41.956072812067774],[46.43428037520605],[20.283299999999997],[4],"['0.233226748,0.514964431,0.186214024']"
['809843'],"['46.19811403676282,-122.19201767753954']",[0],"[UTCDateTime(2001, 5, 20, 18, 25, 44, 999800)]",[65.53489569539938],,[136.1590026523263],,[65.53489569539938],[65.53489569539938],[11.224599999999974],[4],"['inf,inf,inf']"
['808893'],"['46.19811403676282,-122.19201767753954']",[0],"[UTCDateTime(2001, 5, 18, 8, 23, 14, 3000)]",[44.217567283649345],,[53.49925789489083],,[44.21756728364945],[44.217567283649366],[8.631],[4],"['inf,inf,inf']"
['808383'],"['46.20711045312764,-122.19200287918224']",[1000],"[UTCDateTime(2001, 5, 17, 3, 55, 5, 1900)]",[31.845679882350304],,[246.25986336139087],,[31.84567988235028],[31.84567988235027],[15.523800000000005],[5],"['inf,inf,inf']"
['808223'],"['46.83912860071021,-121.74041139034455']",[5000],"[UTCDateTime(2001, 2, 19, 23, 23, 4, 999900)]",[-41.82995292462624],,[288.7227753773523],,[-52.057295160487584],[319.48632141369427],[22.799799999999983],[5],"['1.058284855,0.396672852,0.427947976']"
['807903'],"['46.198123573380435,-122.20497332446621']",[2000],"[UTCDateTime(2001, 1, 18, 21, 23, 50, 454100)]",[19.236002509620455],,[274.5256416711787],,[13.450506381269165],[16.20945743621274],[17.248200000000004],[5],"['0.718531518,0.667034249,0.507070625']"
['806633'],"['46.198123573380435,-122.20497332446621']",[1000],"[UTCDateTime(2001, 5, 11, 18, 58, 8, 725200)]",[60.70723036269152],,[102.43984456920089],,[61.81330478931917],[59.657282244452986],[5.7879000000000005],[4],"['0.054114664,0.168603413,0.046099783']"
