,otime,nets,stas,snr,smb_peak,max_time,centroid_time,lats,lons,elevs,char_freq,duration,sharp_weight,volcano,event_ID,MaxD,MaxEnv,ER
0,2024-01-08T19:06:47.000000Z,CC,ARAT,14.22999026948607,2.2250000000000014,11.774999999999999,38.862435877776456,46.788755,-121.852537,1823.137,2.5272172919142397,69.7,933.0,Mt_Rainier,3252833,2.688326032430925e-08,3.82483992096118e-09,2.6732678439471017e-10
1,2024-01-08T19:06:47.000000Z,CC,GTWY,8.020538957658351,-15.0,33.125,87.51857537735879,46.740163,-121.916765,617.235,9.93693339802563,134.625,280.0,Mt_Rainier,3252833,4.9119322529048945e-08,3.1790395939960486e-09,5.525576771367914e-09
2,2024-01-08T19:06:47.000000Z,CC,OBSR,12.693457078200868,2.5249999999999986,11.399999999999999,44.06589100064576,46.899719,-121.815331,2382.0,3.273743540415456,107.475,1333.0,Mt_Rainier,3252833,1.9174883353517043e-07,2.3087309230074718e-08,3.0504604929928006e-08
3,2024-01-08T19:06:47.000000Z,CC,PANH,11.951454652355904,1.6499999999999986,7.5,42.66573251286994,46.859032,-121.642592,2086.0,3.014619304520814,89.025,1105.0,Mt_Rainier,3252833,5.915009629048175e-08,7.171966552428224e-09,1.1216433710154748e-09
4,2024-01-08T19:06:47.000000Z,CC,PARA,8.59504974206042,-15.0,11.649999999999999,41.53595659453071,46.786442,-121.742149,1651.18,2.53741283235542,115.525,1498.0,Mt_Rainier,3252833,4.778489032077694e-08,6.992831632063278e-09,1.5698211154253178e-09
5,2024-01-08T19:06:47.000000Z,CC,SIFT,7.495428559987226,2.375,15.600000000000001,46.36613379759901,46.867092,-121.953246,720.9,2.4667598735543006,128.15,1231.0,Mt_Rainier,3252833,1.0227746500627879e-08,2.6024784251051287e-09,5.557320589131366e-11
6,2024-01-08T19:06:47.000000Z,UW,FMW,14.283071048412339,2.0249999999999986,9.75,42.68031203571263,46.941399,-121.670998,1859.0,3.0664756108196407,109.375,1210.0,Mt_Rainier,3252833,2.5799558723088777e-08,3.290023467186254e-09,2.3985684686335274e-10
7,2024-01-08T19:06:47.000000Z,UW,LO2,14.446372165963014,1.8249999999999993,10.45,44.55855326808829,46.750599,-121.809601,853.0,6.481801905787793,84.775,301.0,Mt_Rainier,3252833,8.581481814461778e-09,1.2156063656354624e-09,2.670448661327106e-11
8,2024-01-08T19:06:47.000000Z,UW,LON,13.791561817280098,1.5249999999999986,12.825,44.38650176631037,46.750599,-121.809601,853.0,6.176027122749149,82.35,744.0,Mt_Rainier,3252833,1.598936244158097e-08,2.45024832125468e-09,8.126030119470624e-11
9,2024-01-08T19:06:47.000000Z,UW,RCM,31.53476323982749,0.3249999999999993,6.074999999999999,12.314584428233267,46.83564,-121.732979,3085.0,2.851314795567069,12.95,3165.0,Mt_Rainier,3252833,4.620591449623715e-07,3.637361363805252e-08,8.295145468801655e-08
10,2024-01-08T19:06:47.000000Z,UW,RCS,24.324012970945514,-0.09999999999999964,5.125,15.138207624341796,46.870831,-121.732307,2877.0,3.041418246323801,11.725000000000001,2791.0,Mt_Rainier,3252833,3.948839526026344e-07,3.326490573497384e-08,8.049704468791237e-08
11,2024-01-08T19:06:47.000000Z,UW,RER,22.319728568039068,1.5500000000000007,8.774999999999999,30.46699608250774,46.81905,-121.842133,1756.0,2.4070300731122605,21.475,1328.0,Mt_Rainier,3252833,5.107675792873117e-08,7.561827429081782e-09,1.1546697869587733e-09
12,2024-01-08T19:06:47.000000Z,UW,SPFR,8.471204697698262,-15.0,39.95,77.3915161525184,46.94787,-122.35675,172.3,11.413717279412445,134.975,320.0,Mt_Rainier,3252833,9.580133534776312e-08,8.962944459045702e-09,2.639090849581352e-08
13,2024-01-08T05:00:59.000000Z,CC,ARAT,7.27505804248904,2.3500000000000014,10.399999999999999,46.393887429233246,46.788755,-121.852537,1823.137,3.598246739940022,126.475,579.0,Mt_Rainier,3252793,5.384964117356653e-09,2.577767728842148e-09,3.0010325483923795e-11
14,2024-01-08T05:00:59.000000Z,CC,PANH,20.449096052698938,1.25,10.274999999999999,25.229494696539817,46.859032,-121.642592,2086.0,4.42343274182718,16.05,436.0,Mt_Rainier,3252793,2.649527754346723e-08,3.897229747835269e-09,2.7852786934922004e-10
15,2024-01-08T05:00:59.000000Z,CC,PARA,18.8747254913182,1.3249999999999993,9.5,28.45273895476562,46.786442,-121.742149,1651.18,3.578305809791917,17.674999999999997,540.0,Mt_Rainier,3252793,2.8733548418071037e-08,3.394884929440718e-09,2.407422321010095e-10
16,2024-01-08T05:00:59.000000Z,UW,FMW,14.414041960289037,2.3999999999999986,9.899999999999999,36.60213203841106,46.941399,-121.670998,1859.0,4.759597112000312,14.75,560.0,Mt_Rainier,3252793,1.3192282159280938e-08,1.8517344651606948e-09,8.445960736179436e-11
17,2024-01-08T05:00:59.000000Z,UW,RCM,23.141131488682017,0.6999999999999993,7.375,17.236513987612064,46.83564,-121.732979,3085.0,4.554937789038107,35.45,760.0,Mt_Rainier,3252793,1.5573727413783908e-07,1.504349098771242e-08,1.4367942810909359e-08
18,2024-01-08T05:00:59.000000Z,UW,RER,10.486955727749374,1.375,8.175,39.41798609222277,46.81905,-121.842133,1756.0,5.606476829862346,35.75,185.0,Mt_Rainier,3252793,8.807158137434662e-09,1.9060731543986226e-09,7.021021436161654e-11
19,2024-01-08T05:00:59.000000Z,UW,STAR,9.729043641433318,39.275,20.6,44.1677789558367,46.850849,-121.792953,3365.0,4.063028573130815,133.125,550.0,Mt_Rainier,3252793,1.2243490245237397e-05,2.4415100302400644e-06,2.333025992857816e-05
20,2024-01-08T01:00:17.000000Z,CC,OBSR,24.07344741788973,-1.3000000000000007,5.425000000000001,23.819296169187567,46.899719,-121.815331,2382.0,3.392416420400364,14.600000000000001,955.0,Mt_Rainier,3252748,1.774074965222115e-07,1.80337408566752e-08,9.671953263911134e-09
21,2024-01-08T01:00:17.000000Z,CC,PANH,7.1798599235525495,2.8249999999999993,8.725000000000001,42.70869251318497,46.859032,-121.642592,2086.0,3.2454844620513605,116.67500000000001,985.0,Mt_Rainier,3252748,6.209739042027044e-09,1.954922579474172e-09,1.3231875194177423e-11
22,2024-01-08T01:00:17.000000Z,CC,PARA,10.112055015319822,2.8249999999999993,7.449999999999999,43.446132307534285,46.786442,-121.742149,1651.18,2.6326811283071225,117.19999999999999,1132.0,Mt_Rainier,3252748,8.20303171976273e-09,1.8588111121036434e-09,3.332747579075754e-11
23,2024-01-08T01:00:17.000000Z,UW,RCM,14.550449967562763,-1.1750000000000007,5.074999999999999,30.927159475930033,46.83564,-121.732979,3085.0,3.7610020872566214,115.25,937.0,Mt_Rainier,3252748,3.2139664169922016e-08,4.560282966530061e-09,6.190861888728464e-10
24,2024-01-08T01:00:17.000000Z,UW,RCS,7.270385347290736,-2.4499999999999993,5.625,36.814765043406176,46.870831,-121.732307,2877.0,4.210285971853562,54.3,422.0,Mt_Rainier,3252748,2.7054509368206104e-08,3.428908037692156e-09,2.3943841762141433e-10
25,2024-01-08T01:00:17.000000Z,UW,RER,13.622312957191054,-1.8499999999999996,4.425000000000001,34.779868141235994,46.81905,-121.842133,1756.0,2.7345389403433296,17.15,1817.0,Mt_Rainier,3252748,2.2039431858921112e-08,2.5990705739811877e-09,8.990500802628886e-11
26,2024-01-08T01:00:17.000000Z,UW,SPFR,9.215830494298627,-15.0,34.95,74.4625320873387,46.94787,-122.35675,172.3,11.25639389480699,134.55,445.0,Mt_Rainier,3252748,8.220502202336478e-08,6.855939944514045e-09,2.6823562241359502e-08
27,2024-01-07T12:56:55.000000Z,CC,ARAT,11.941136373031059,3.4750000000000014,19.125,39.860499405080894,46.788755,-121.852537,1823.137,3.629581885468322,53.425,1236.0,Mt_Rainier,3252743,3.054557169267296e-08,3.9995358599690976e-09,8.85472596190007e-10
28,2024-01-07T12:56:55.000000Z,CC,CARB,8.249242950042488,6.225000000000001,20.875,48.13109776871794,46.98832,-122.00541,872.47,3.2339838457786363,128.275,595.0,Mt_Rainier,3252743,1.2433820896525446e-08,3.159651968230268e-09,8.144836108837809e-11
29,2024-01-07T12:56:55.000000Z,CC,CRBN,8.811226153060861,6.725000000000001,21.9,46.23064622991739,46.988131,-121.961063,499.08,3.2304910739146866,116.82499999999999,816.0,Mt_Rainier,3252743,1.1181223667492296e-08,2.88840603368907e-09,5.3778737784484685e-11
30,2024-01-07T12:56:55.000000Z,CC,OBSR,40.896550016103006,1.6750000000000007,18.9,28.735827872611303,46.899719,-121.815331,2382.0,3.689948378335763,47.625,1034.0,Mt_Rainier,3252743,5.811335448703207e-07,5.8588398958415294e-08,3.39075060808702e-07
31,2024-01-07T12:56:55.000000Z,CC,OPCH,7.223315954575707,9.25,19.950000000000003,48.781810825073705,46.731319,-121.571171,592.43,4.078234734720357,122.69999999999999,443.0,Mt_Rainier,3252743,5.947864792851944e-09,1.905993852585682e-09,3.593162905908801e-11
32,2024-01-07T12:56:55.000000Z,CC,PANH,23.390707786964292,1.75,15.600000000000001,37.38711146726968,46.859032,-121.642592,2086.0,3.664299808483281,54.625,485.0,Mt_Rainier,3252743,3.135691461611079e-08,4.169448301421796e-09,8.564388750555841e-10
33,2024-01-07T12:56:55.000000Z,CC,PARA,27.24847968331418,1.2250000000000014,19.674999999999997,31.684937569709213,46.786442,-121.742149,1651.18,2.7707040952468103,48.325,2402.0,Mt_Rainier,3252743,4.8210937703356814e-08,6.496266323915137e-09,2.2959471283200797e-09
34,2024-01-07T12:56:55.000000Z,CC,PR04,14.166886937643683,3.8999999999999986,21.200000000000003,41.50833277804222,46.929694,-121.988976,912.7,4.379835351833003,58.650000000000006,326.0,Mt_Rainier,3252743,3.0995035827754175e-08,4.287846089864766e-09,3.4073050111335396e-10
35,2024-01-07T12:56:55.000000Z,CC,PR05,9.859064349638004,2.8249999999999993,19.4,45.518190513042036,46.841649,-121.948912,1553.0,4.391163217194284,121.69999999999999,273.0,Mt_Rainier,3252743,9.364344500844807e-09,3.0200662559721286e-09,8.565107519554678e-11
36,2024-01-07T12:56:55.000000Z,CC,RUSH,18.13942612090869,6.824999999999999,20.475,37.76815365217941,46.90306,-121.94439,1235.0,3.2686926160454384,55.099999999999994,811.0,Mt_Rainier,3252743,3.7170065809717366e-08,6.5006710201123035e-09,8.486585960356635e-10
37,2024-01-07T12:56:55.000000Z,CC,SIFT,13.150385571959966,5.300000000000001,18.674999999999997,40.90701486641525,46.867092,-121.953246,720.9,3.597288959504162,84.675,400.0,Mt_Rainier,3252743,1.2006479704788123e-08,2.836167404735163e-09,1.2347514316822855e-10
38,2024-01-07T12:56:55.000000Z,CC,VOIT,12.143223270803285,4.425000000000001,20.525,44.237489180890066,46.96633,-121.9834,977.1,2.4707351169926066,101.85,2050.0,Mt_Rainier,3252743,1.4248357151339771e-08,3.1533120856015123e-09,1.0675394774444464e-10
39,2024-01-07T12:56:55.000000Z,UW,FMW,20.88802401946845,3.2250000000000014,17.1,33.051938392677016,46.941399,-121.670998,1859.0,4.0354545387692085,47.575,733.0,Mt_Rainier,3252743,3.506418976891358e-08,3.756304485637704e-09,8.943036264604253e-10
40,2024-01-07T12:56:55.000000Z,UW,LO2,19.464113257980745,2.6999999999999993,17.525,39.189881331515494,46.750599,-121.809601,853.0,4.486859772574323,57.974999999999994,393.0,Mt_Rainier,3252743,9.095295859782174e-09,1.377375223550245e-09,4.558071460861423e-11
41,2024-01-07T12:56:55.000000Z,UW,LON,17.219647165667926,3.6499999999999986,17.475,40.80536887707005,46.750599,-121.809601,853.0,4.802837734801087,93.725,277.0,Mt_Rainier,3252743,1.8429493801278882e-08,2.571164062520643e-09,1.797112362797607e-10
42,2024-01-07T12:56:55.000000Z,UW,RCM,36.428070446500335,0.0,16.8,23.615195539344022,46.83564,-121.732979,3085.0,3.6045302510284087,26.375,1185.0,Mt_Rainier,3252743,4.889547367580986e-07,3.9496375233973564e-08,1.256888409640546e-07
43,2024-01-07T12:56:55.000000Z,UW,RCS,35.970448013901546,0.27500000000000036,15.075,27.066628084915294,46.870831,-121.732307,2877.0,4.29038952906643,44.025,840.0,Mt_Rainier,3252743,2.4165512440550363e-07,2.2266759748299177e-08,5.369238087247453e-08
44,2024-01-07T12:56:55.000000Z,UW,RER,24.708381947040422,1.3249999999999993,18.1,31.64456393424893,46.81905,-121.842133,1756.0,3.767166559774439,47.375,665.0,Mt_Rainier,3252743,6.302856730039358e-08,9.077567009910685e-09,3.319992799529274e-09
45,2024-01-06T21:40:22.000000Z,CC,ARAT,10.342908827786385,4.399999999999999,14.274999999999999,40.48987921974807,46.788755,-121.852537,1823.137,2.211116246479852,73.95,3246.0,Mt_Rainier,3252778,5.224030266064246e-08,1.1690076452923656e-08,4.4595044643659907e-10
46,2024-01-06T21:40:22.000000Z,CC,OBSR,25.44501003492847,2.2749999999999986,8.55,21.994247894826053,46.899719,-121.815331,2382.0,3.1816524871826486,19.424999999999997,1095.0,Mt_Rainier,3252778,2.2924062034800932e-07,2.463378410049773e-08,1.8390665129562932e-08
47,2024-01-06T21:40:22.000000Z,CC,PANH,22.827659657951624,2.4750000000000014,11.05,24.182004961264518,46.859032,-121.642592,2086.0,2.0361668438214737,17.325000000000003,3389.0,Mt_Rainier,3252778,6.242567957570584e-08,1.3124225427547415e-08,8.323188196184857e-10
48,2024-01-06T21:40:22.000000Z,CC,PARA,15.645211496268516,3.0249999999999986,12.8,31.967549496265022,46.786442,-121.742149,1651.18,2.0111363507841857,22.424999999999997,2542.0,Mt_Rainier,3252778,1.237278905178834e-07,1.87400023523459e-08,1.7026851186879673e-09
49,2024-01-06T21:40:22.000000Z,CC,RUSH,11.26837026842779,5.725000000000001,13.774999999999999,41.47643780709283,46.90306,-121.94439,1235.0,2.5554934264049787,96.3,1264.0,Mt_Rainier,3252778,2.4108202219706785e-08,4.763109624445299e-09,2.2841798386652567e-10
50,2024-01-06T21:40:22.000000Z,CC,SIFT,7.782986271632224,4.675000000000001,13.125,46.869330767392505,46.867092,-121.953246,720.9,2.4247707245250947,125.975,2760.0,Mt_Rainier,3252778,8.594590188675681e-09,2.988598679824083e-09,3.9285726893774625e-11
51,2024-01-06T21:40:22.000000Z,UW,FMW,14.675835017414911,4.649999999999999,9.25,39.809124145528294,46.941399,-121.670998,1859.0,2.868678467167016,127.975,833.0,Mt_Rainier,3252778,3.713724441847664e-08,4.97832148485514e-09,3.2220082650200597e-10
52,2024-01-06T21:40:22.000000Z,UW,GHW,12.009187129080207,-15.0,30.725,52.26225719612964,47.041489,-122.273727,268.0,9.624785115998574,111.575,79.0,Mt_Rainier,3252778,4.781466101722874e-07,4.531009195388523e-08,1.9841557610318282e-07
53,2024-01-06T21:40:22.000000Z,UW,LON,10.725891660489893,2.9250000000000007,12.100000000000001,41.03671719858411,46.750599,-121.809601,853.0,4.369262785260125,98.75,1339.0,Mt_Rainier,3252778,1.8244478593651943e-08,3.643538879038243e-09,7.358741286260546e-11
54,2024-01-06T21:40:22.000000Z,UW,RCM,27.20576637749717,1.0249999999999986,7.475000000000001,13.410484648258485,46.83564,-121.732979,3085.0,3.249210024392732,14.125,1359.0,Mt_Rainier,3252778,3.661488665557798e-07,5.7664771594449705e-08,4.8819952650149675e-08
55,2024-01-06T21:40:22.000000Z,UW,RCS,29.65780020052375,0.8000000000000007,5.449999999999999,14.352459962657399,46.870831,-121.732307,2877.0,3.4923811640294113,11.925,1542.0,Mt_Rainier,3252778,3.9912189274465655e-07,5.157205032012552e-08,7.970197714005726e-08
56,2024-01-06T21:40:22.000000Z,UW,RER,9.296236897594229,2.4750000000000014,9.875,48.584115591194035,46.81905,-121.842133,1756.0,2.926979777600798,126.42500000000001,816.0,Mt_Rainier,3252778,5.24891444276271e-08,7.2184262486983104e-09,7.349243299376517e-10
57,2024-01-05T15:37:02.000000Z,CC,ARAT,18.4120198883662,1.4750000000000014,9.575,30.617190523832463,46.788755,-121.852537,1823.137,2.7299542258120857,16.05,1136.0,Mt_Rainier,3252623,5.773136210415909e-08,7.047518920310005e-09,5.025585919563188e-10
58,2024-01-05T15:37:02.000000Z,CC,OBSR,24.584111320132756,1.1999999999999993,6.25,18.441424374822425,46.899719,-121.815331,2382.0,3.4901731316707822,17.174999999999997,485.0,Mt_Rainier,3252623,3.3008088590892764e-07,3.4416957785595476e-08,3.7531530957782264e-08
59,2024-01-05T15:37:02.000000Z,CC,PANH,26.731388315066138,0.875,7.399999999999999,17.09309356392894,46.859032,-121.642592,2086.0,2.4507223840188646,12.75,1877.0,Mt_Rainier,3252623,9.472822950629392e-08,1.1513102394861251e-08,1.712572005197623e-09
60,2024-01-05T15:37:02.000000Z,CC,PR04,7.335332354597718,3.5500000000000007,10.75,47.16114540128256,46.929694,-121.988976,912.7,3.7388226269331972,130.975,422.0,Mt_Rainier,3252623,1.4217667966472186e-08,3.14020707195718e-09,1.0113797570213626e-10
61,2024-01-05T15:37:02.000000Z,CC,PR05,7.565416784581528,2.6499999999999986,6.375,46.6095984430561,46.841649,-121.948912,1553.0,3.8031573679228865,129.05,298.0,Mt_Rainier,3252623,6.365941782048066e-09,3.272236910778993e-09,3.130258949645579e-11
62,2024-01-05T15:37:02.000000Z,CC,RUSH,11.811560877715786,2.75,11.2,40.98097416912315,46.90306,-121.94439,1235.0,3.583632387203138,87.025,387.0,Mt_Rainier,3252623,2.0000409017166918e-08,3.3788972609661525e-09,2.4404075823903555e-10
63,2024-01-05T15:37:02.000000Z,CC,SIFT,10.421955791368564,2.5749999999999993,7.574999999999999,42.569092196483446,46.867092,-121.953246,720.9,3.4206147219950456,120.475,546.0,Mt_Rainier,3252623,8.670112045300414e-09,3.014163502913744e-09,3.776898711768877e-11
64,2024-01-05T15:37:02.000000Z,UW,FMW,18.148587768379993,1.5,6.024999999999999,29.114920137314634,46.941399,-121.670998,1859.0,3.560769180996019,14.899999999999999,646.0,Mt_Rainier,3252623,4.625936612469493e-08,5.430948967124576e-09,4.70591836105492e-10
65,2024-01-05T15:37:02.000000Z,UW,LON,13.686108920882413,1.5,5.725000000000001,33.149130060358445,46.750599,-121.809601,853.0,4.122978900501477,20.6,198.0,Mt_Rainier,3252623,1.390557447247905e-08,3.3989464051099904e-09,6.848529105794897e-11
66,2024-01-05T15:37:02.000000Z,UW,RCM,28.70976849390729,-0.3000000000000007,4.425000000000001,8.598737982061255,46.83564,-121.732979,3085.0,3.801801423613726,8.925,336.0,Mt_Rainier,3252623,4.815389601558837e-07,3.770911840946705e-08,8.119220440658243e-08
67,2024-01-05T15:37:02.000000Z,UW,RCS,24.389716944865675,-0.1750000000000007,3.3500000000000014,8.908070851773925,46.870831,-121.732307,2877.0,4.293921124832905,8.0,552.0,Mt_Rainier,3252623,3.9418006876921326e-07,4.713742105221653e-08,8.096415711130448e-08
68,2024-01-05T15:37:02.000000Z,UW,RER,20.837460402761113,0.8499999999999996,6.925000000000001,24.432947339634403,46.81905,-121.842133,1756.0,2.8723847540731917,14.625,670.0,Mt_Rainier,3252623,6.896910698881953e-08,5.981798973877353e-09,1.3029262355470007e-09
69,2024-01-05T06:52:31.000000Z,CC,ARAT,28.955485116303123,5.600000000000001,24.225,35.13652891226232,46.788755,-121.852537,1823.137,1.7195399871886514,33.925,9554.0,Mt_Rainier,3252618,3.928656806066365e-07,7.681353608481984e-08,3.158291201077678e-08
70,2024-01-05T06:52:31.000000Z,CC,CARB,20.020216315979663,8.975000000000001,24.125,43.11105858709046,46.98832,-122.00541,872.47,2.0091299785075853,64.8,4230.0,Mt_Rainier,3252618,7.121157962407515e-08,1.6682241726412227e-08,9.345585980697247e-10
71,2024-01-05T06:52:31.000000Z,CC,CRBN,20.810564782353712,7.925000000000001,27.6,43.018707635485555,46.988131,-121.961063,499.08,2.074948351174931,70.5,3229.0,Mt_Rainier,3252618,4.1199994499549145e-08,7.85586895662368e-09,4.5345293744027976e-10
72,2024-01-05T06:52:31.000000Z,CC,GTWY,9.516475454292648,12.075,27.299999999999997,48.42943175471036,46.740163,-121.916765,617.235,3.9831676627245907,95.025,2212.0,Mt_Rainier,3252618,1.1311901441323795e-07,1.9829564803990303e-08,2.1282706859908265e-09
73,2024-01-05T06:52:31.000000Z,CC,KAUT,10.523393323110438,11.05,29.1,48.83042076520268,46.730263,-121.85739,689.0,3.7932033288564515,110.3,1184.0,Mt_Rainier,3252618,1.0798704787101557e-07,2.1874286073374566e-08,3.5992591627713837e-09
74,2024-01-05T06:52:31.000000Z,CC,OBSR,40.75889601227927,3.3999999999999986,19.25,41.5691716339818,46.899719,-121.815331,2382.0,2.3262632835529575,67.725,2513.0,Mt_Rainier,3252618,1.35228876517425e-06,1.8889002389135532e-07,6.842072394032475e-07
75,2024-01-05T06:52:31.000000Z,CC,OPCH,19.784922951891396,8.875,21.65,42.65547227137702,46.731319,-121.571171,592.43,2.3302071294310687,64.825,2531.0,Mt_Rainier,3252618,4.4662372636684503e-08,1.1050545667656932e-08,4.544331982847107e-10
76,2024-01-05T06:52:31.000000Z,CC,PANH,43.554098807888025,6.25,19.225,32.012915847772014,46.859032,-121.642592,2086.0,1.9199200789805055,31.450000000000003,3359.0,Mt_Rainier,3252618,4.2400711602981113e-07,6.796280142978803e-08,4.5936799193970024e-08
77,2024-01-05T06:52:31.000000Z,CC,PARA,40.71203326817675,4.475000000000001,20.924999999999997,34.21639177825344,46.786442,-121.742149,1651.18,1.8925568629819436,33.675,2963.0,Mt_Rainier,3252618,7.01151446275202e-07,1.155546293003092e-07,7.343059872109523e-08
78,2024-01-05T06:52:31.000000Z,CC,PR01,16.109373713783032,14.25,32.825,45.761606073816814,46.91039,-122.03777,648.0,2.354883879960487,73.6,3699.0,Mt_Rainier,3252618,5.258763754355349e-08,1.4430031174902114e-08,6.214835002876259e-10
79,2024-01-05T06:52:31.000000Z,CC,PR02,9.588481536997394,-15.0,25.825000000000003,49.29765455395878,46.918305,-122.048639,461.0,2.301038667325513,127.475,2071.0,Mt_Rainier,3252618,7.910496733931819e-08,1.8035644382651937e-08,2.202748889204089e-09
80,2024-01-05T06:52:31.000000Z,CC,PR03,10.030106962720534,13.425,25.450000000000003,49.18116269546974,46.903438,-122.032271,532.0,3.4286644653989633,117.05000000000001,1849.0,Mt_Rainier,3252618,5.4304974544586626e-08,1.2021985653723894e-08,7.454630240075851e-10
81,2024-01-05T06:52:31.000000Z,CC,PR04,24.760811082457135,9.8,34.25,43.3496521183393,46.929694,-121.988976,912.7,2.3108901756640967,65.375,3571.0,Mt_Rainier,3252618,9.421920013139026e-08,2.0827773878410098e-08,3.2895463011686914e-09
82,2024-01-05T06:52:31.000000Z,CC,PR05,21.938220548940976,7.350000000000001,28.424999999999997,42.69598682400161,46.841649,-121.948912,1553.0,2.5885901966166363,70.175,2748.0,Mt_Rainier,3252618,4.493425097150095e-08,8.692927651619833e-09,5.986468302222906e-10
83,2024-01-05T06:52:31.000000Z,CC,RUSH,28.396561874051717,7.425000000000001,26.225,41.39407796878509,46.90306,-121.94439,1235.0,2.1166356488992473,68.775,4084.0,Mt_Rainier,3252618,1.8717833699644586e-07,3.7275093011766705e-08,7.562997833271083e-09
84,2024-01-05T06:52:31.000000Z,CC,SIFT,26.71791826441763,6.699999999999999,32.225,41.324294312991356,46.867092,-121.953246,720.9,2.025077016436863,68.275,4775.0,Mt_Rainier,3252618,6.974672586438864e-08,1.4468512184517323e-08,1.5039580665284054e-09
85,2024-01-05T06:52:31.000000Z,CC,STYX,16.926083617485446,15.274999999999999,28.799999999999997,46.32704018293631,46.963747,-122.080535,568.31,2.1133714056064448,72.65,3586.0,Mt_Rainier,3252618,5.2523054441292734e-08,1.3024859005709539e-08,8.863854523531397e-10
86,2024-01-05T06:52:31.000000Z,CC,VOIT,24.14822698655196,9.825,23.450000000000003,42.72393798435548,46.96633,-121.9834,977.1,1.9009262849528183,66.375,3935.0,Mt_Rainier,3252618,8.909629125559575e-08,2.2940315946635287e-08,1.4162411248079127e-09
87,2024-01-05T06:52:31.000000Z,UW,FMW,31.318456268702626,5.149999999999999,18.174999999999997,40.350771202301566,46.941399,-121.670998,1859.0,2.3994694055475514,66.225,2011.0,Mt_Rainier,3252618,2.172820444020516e-07,3.359945964835166e-08,9.495353954297285e-09
88,2024-01-05T06:52:31.000000Z,UW,LO2,20.347708894665374,6.550000000000001,27.225,40.99634447039906,46.750599,-121.809601,853.0,2.4500071043649774,61.474999999999994,1723.0,Mt_Rainier,3252618,6.680920768042933e-08,1.2838221375991936e-08,9.52043018151104e-10
89,2024-01-05T06:52:31.000000Z,UW,LON,32.94152256199953,5.774999999999999,27.15,37.13048608309522,46.750599,-121.809601,853.0,2.2636603117002503,45.0,3655.0,Mt_Rainier,3252618,1.3202526049366622e-07,2.4600442993835265e-08,3.5532598522884693e-09
90,2024-01-05T06:52:31.000000Z,UW,PUPY,13.147589063542812,15.25,38.425,51.001556303458855,46.49542,-122.14613,816.3,3.0656589109662415,84.025,2029.0,Mt_Rainier,3252618,1.332403629210064e-08,2.0806447937528266e-09,3.311026645659518e-11
91,2024-01-05T06:52:31.000000Z,UW,RCM,41.63609934347088,0.22499999999999964,16.525,32.968233997637284,46.83564,-121.732979,3085.0,2.466516029517746,51.875,2255.0,Mt_Rainier,3252618,2.028109277999162e-06,3.389315305998889e-07,9.438676193316459e-07
92,2024-01-05T06:52:31.000000Z,UW,RCS,40.697780384895395,-0.15000000000000036,16.75,40.45311281218606,46.870831,-121.732307,2877.0,3.8914486761119034,77.15,254.0,Mt_Rainier,3252618,7.077255572336004e-07,1.1596697060642087e-07,6.453293948730852e-07
93,2024-01-05T06:52:31.000000Z,UW,RER,35.707330964312916,4.524999999999999,21.950000000000003,38.156190078655065,46.81905,-121.842133,1756.0,2.373417930908055,61.525000000000006,2580.0,Mt_Rainier,3252618,3.314189930392202e-07,5.0065169550673685e-08,2.6012512480622005e-08
94,2024-01-05T06:52:31.000000Z,UW,STOR,8.993606510596427,-15.0,32.775,52.45139954276695,47.188099,-121.9888,266.4,2.188953648073806,131.8,3247.0,Mt_Rainier,3252618,2.8313201103809636e-08,6.18704602800243e-09,2.417616546426086e-10
95,2024-01-04T03:59:16.000000Z,CC,ARAT,8.49536537804148,4.824999999999999,15.649999999999999,47.378847529903666,46.788755,-121.852537,1823.137,2.1743620704513327,95.65,3757.0,Mt_Rainier,3252518,1.5065699232761068e-08,3.4193273648665242e-09,7.427061519282744e-11
96,2024-01-04T03:59:16.000000Z,CC,OBSR,14.352471261389915,5.350000000000001,15.0,37.33479982182776,46.899719,-121.815331,2382.0,3.0366343327323277,29.625,882.0,Mt_Rainier,3252518,5.4548352814892606e-08,6.139156206510724e-09,1.7817888216203335e-09
97,2024-01-04T03:59:16.000000Z,CC,PANH,13.750256305896157,-0.15000000000000036,16.425,34.524803638712754,46.859032,-121.642592,2086.0,3.2034513881160533,25.775,892.0,Mt_Rainier,3252518,1.3902711735792249e-08,1.9283594055086357e-09,5.137547332451359e-11
98,2024-01-04T03:59:16.000000Z,CC,PARA,12.392161170442883,2.8000000000000007,16.05,38.996215409284936,46.786442,-121.742149,1651.18,2.6548753439306094,76.95,1115.0,Mt_Rainier,3252518,1.249051157176115e-08,2.3494647928352826e-09,7.403643333546122e-11
99,2024-01-04T03:59:16.000000Z,UW,RCM,21.07427968812937,-0.4250000000000007,5.875,23.782700985741123,46.83564,-121.732979,3085.0,3.7850325974482577,20.275,315.0,Mt_Rainier,3252518,6.286190856986899e-08,5.155196207866219e-09,2.4901167713918554e-09
100,2024-01-04T03:59:16.000000Z,UW,RCS,9.854067290385084,1.5249999999999986,16.275,37.511352865885165,46.870831,-121.732307,2877.0,3.471020357100734,96.15,670.0,Mt_Rainier,3252518,3.4656087630452897e-08,4.57246493955546e-09,4.2507872480821435e-10
101,2024-01-04T03:59:16.000000Z,UW,RER,20.034306692391986,4.800000000000001,14.95,30.69520452583047,46.81905,-121.842133,1756.0,2.5123884642180148,19.75,1515.0,Mt_Rainier,3252518,4.173919806721791e-08,3.640932131962454e-09,4.740752889117795e-10
102,2024-01-03T19:16:35.000000Z,CC,OBSR,21.714575250984737,0.75,4.649999999999999,16.66455094660297,46.899719,-121.815331,2382.0,2.9169581427614473,14.25,1473.0,Mt_Rainier,3252463,3.3442871366021713e-07,3.9670499704978766e-08,2.3976779340273774e-08
103,2024-01-03T19:16:35.000000Z,UW,FMW,9.562654631746872,1.0500000000000007,5.925000000000001,39.29165905883156,46.941399,-121.670998,1859.0,3.9448762610754526,53.974999999999994,447.0,Mt_Rainier,3252463,1.466019603758951e-08,2.732656732396137e-09,5.8059823850038093e-11
104,2024-01-03T19:16:35.000000Z,UW,RER,10.619910144786862,2.125,5.524999999999999,40.439511989384954,46.81905,-121.842133,1756.0,3.5089732460503855,66.55,878.0,Mt_Rainier,3252463,2.0145056692226788e-08,3.3285416282147298e-09,1.5145771731883197e-10
105,2024-01-03T11:54:43.000000Z,CC,OBSR,9.386708807273145,3.6999999999999993,10.625,36.49504478496967,46.899719,-121.815331,2382.0,3.2791959350556232,56.0,440.0,Mt_Rainier,3252458,3.429918055621239e-08,4.884281578500864e-09,5.236156275538117e-10
106,2024-01-03T11:54:43.000000Z,CC,PANH,8.03256923326063,3.4750000000000014,8.075,44.1895246361172,46.859032,-121.642592,2086.0,2.8795052754374026,95.4,1060.0,Mt_Rainier,3252458,1.2518548694080538e-08,1.7848858471543156e-09,2.9709566904812704e-11
107,2024-01-03T11:54:43.000000Z,CC,PARA,13.047530944595666,3.125,11.3,35.23444640454026,46.786442,-121.742149,1651.18,2.5268402058791213,34.05,2473.0,Mt_Rainier,3252458,1.6422872556979372e-08,2.909242416259769e-09,1.1615497123678264e-10
108,2024-01-03T11:54:43.000000Z,UW,RCM,24.55741761622101,1.1999999999999993,4.225000000000001,13.955066834447557,46.83564,-121.732979,3085.0,3.473732792105388,6.149999999999999,2779.0,Mt_Rainier,3252458,2.797189038286448e-07,3.491870202046133e-08,3.6801596262351427e-08
109,2024-01-03T11:54:43.000000Z,UW,RCS,14.857864120906369,2.4250000000000007,6.050000000000001,33.49525431349474,46.870831,-121.732307,2877.0,4.280211271842809,49.425,1040.0,Mt_Rainier,3252458,3.393913294389481e-08,4.290186414721196e-09,7.79670820626488e-10
110,2024-01-03T11:54:43.000000Z,UW,RER,10.483266718550519,3.25,9.149999999999999,40.27688450101503,46.81905,-121.842133,1756.0,3.7486053886013497,72.75,442.0,Mt_Rainier,3252458,1.2981188954344542e-08,4.356393318295552e-09,5.984361033860532e-11
111,2024-01-02T21:48:00.000000Z,CC,ARAT,7.129267419936058,10.0,17.85,45.01331720000186,46.788755,-121.852537,1823.137,2.7522261155897345,112.375,854.0,Mt_Rainier,3252438,1.9226874814188587e-08,3.626882050210098e-09,1.9697056556759112e-10
112,2024-01-02T21:48:00.000000Z,CC,CARB,17.811466368446176,6.75,18.725,33.061778291947064,46.98832,-122.00541,872.47,2.610709000019585,37.85,3013.0,Mt_Rainier,3252438,5.981483128578313e-08,1.2112128623698909e-08,1.087323308168223e-09
113,2024-01-02T21:48:00.000000Z,CC,CRBN,20.942520068092254,6.375,11.0,29.988505985351843,46.988131,-121.961063,499.08,2.1282530967034785,30.6,2844.0,Mt_Rainier,3252438,4.995785877433979e-08,1.0214441022663925e-08,6.978004746409007e-10
114,2024-01-02T21:48:00.000000Z,CC,OPCH,10.065994562477687,11.25,19.225,45.07506855185758,46.731319,-121.571171,592.43,3.051838653430052,66.575,718.0,Mt_Rainier,3252438,1.7468918028360608e-08,3.106461433001267e-09,8.250031940054353e-11
115,2024-01-02T21:48:00.000000Z,CC,PANH,13.145080330930139,9.0,15.899999999999999,40.479251897020845,46.859032,-121.642592,2086.0,2.430981107558646,33.525,2363.0,Mt_Rainier,3252438,2.9254457645864126e-08,3.637234000374273e-09,3.777383033468268e-10
116,2024-01-02T21:48:00.000000Z,CC,PARA,15.935000421642274,3.8249999999999993,24.924999999999997,39.15155087326811,46.786442,-121.742149,1651.18,2.4891928818707623,41.075,2132.0,Mt_Rainier,3252438,1.8299120805068317e-08,3.6194613538124513e-09,1.863214376905469e-10
117,2024-01-02T21:48:00.000000Z,CC,PR01,11.007153702105292,8.825,18.575000000000003,43.53936401720908,46.91039,-122.03777,648.0,2.5877050218896045,92.0,3783.0,Mt_Rainier,3252438,3.1920803589488264e-08,6.4957108450773195e-09,2.924513754664983e-10
118,2024-01-02T21:48:00.000000Z,CC,PR02,8.666467853850742,-15.0,17.35,47.420506050991115,46.918305,-122.048639,461.0,2.552400495658842,132.0,1669.0,Mt_Rainier,3252438,6.148162077230208e-08,9.651689076963714e-09,1.7863097473203481e-09
119,2024-01-02T21:48:00.000000Z,CC,PR04,12.471549306515707,7.675000000000001,13.45,35.68633553003943,46.929694,-121.988976,912.7,2.3901786442976642,40.8,1598.0,Mt_Rainier,3252438,5.82444821479158e-08,1.0597027292721205e-08,1.0312861726513725e-09
120,2024-01-02T21:48:00.000000Z,CC,PR05,9.583035877400953,9.274999999999999,16.0,44.59448176239521,46.841649,-121.948912,1553.0,2.753805754484631,92.1,1620.0,Mt_Rainier,3252438,2.1754801471323372e-08,5.41733035377602e-09,1.636471796616379e-10
121,2024-01-02T21:48:00.000000Z,CC,RUSH,7.8786354995509775,8.175,20.299999999999997,34.798219489767,46.90306,-121.94439,1235.0,2.9242964825806803,37.0,2034.0,Mt_Rainier,3252438,8.243435686350977e-08,1.548816451184372e-08,1.6329886689996452e-09
122,2024-01-02T21:48:00.000000Z,CC,SIFT,14.534943426361215,8.625,15.350000000000001,39.293537093435646,46.867092,-121.953246,720.9,2.47019393841658,46.975,1528.0,Mt_Rainier,3252438,2.2065682123260686e-08,4.72493564358295e-09,1.5085291322924514e-10
123,2024-01-02T21:48:00.000000Z,CC,STYX,14.434828290308394,8.0,17.924999999999997,38.109692582032984,46.963747,-122.080535,568.31,2.510514413385719,45.625,1687.0,Mt_Rainier,3252438,5.799968649918014e-08,1.0908480821555116e-08,9.627741553638672e-10
124,2024-01-02T21:48:00.000000Z,CC,VOIT,18.09163388741001,6.5,18.0,34.20030873801564,46.96633,-121.9834,977.1,2.085796163148118,37.75,2518.0,Mt_Rainier,3252438,6.190274998112342e-08,8.352663302691296e-09,5.372201657258332e-10
125,2024-01-02T21:48:00.000000Z,UW,FMW,11.716772940716544,7.774999999999999,13.399999999999999,30.94702302013846,46.941399,-121.670998,1859.0,2.6107657327599614,36.7,1988.0,Mt_Rainier,3252438,4.139327779666316e-08,5.415340762787875e-09,7.134761939010935e-10
126,2024-01-02T21:48:00.000000Z,UW,GHW,10.693486852701898,-15.0,28.924999999999997,57.66685359852636,47.041489,-122.273727,268.0,11.116463485099208,87.925,585.0,Mt_Rainier,3252438,2.2260931206305297e-07,1.865319530613809e-08,1.4810939252645563e-07
127,2024-01-02T21:48:00.000000Z,UW,GSM,14.325471918710626,3.7749999999999986,7.375,36.19170395624815,47.20388,-121.796043,1313.0,3.6244521545460207,18.9,1737.0,Mt_Rainier,3252438,2.2594339357376195e-06,2.8292988380793915e-07,4.179958407280804e-07
128,2024-01-02T21:48:00.000000Z,UW,LON,10.320963446165246,10.5,17.375,43.352510920710856,46.750599,-121.809601,853.0,4.806030305793336,40.0,302.0,Mt_Rainier,3252438,1.4459671483459686e-08,2.085595723963024e-09,6.73274724238136e-11
129,2024-01-02T21:48:00.000000Z,UW,RCM,8.03721584433589,0.34999999999999964,16.325,38.14961058881152,46.83564,-121.732979,3085.0,3.1827008110462627,57.05,868.0,Mt_Rainier,3252438,2.9075097973082364e-08,4.169910928401789e-09,4.847343738192856e-10
130,2024-01-02T21:48:00.000000Z,UW,RER,11.848848838986145,9.375,16.2,35.98101017394155,46.81905,-121.842133,1756.0,2.9235679246040283,25.775,1547.0,Mt_Rainier,3252438,2.8522159147029742e-08,4.006048326088206e-09,3.883274165806114e-10
131,2024-01-02T21:48:00.000000Z,UW,STOR,26.465133469094138,5.524999999999999,12.95,25.1814125512034,47.188099,-121.9888,266.4,1.7927368902739789,19.725,6773.0,Mt_Rainier,3252438,4.949416475755078e-07,8.286673039780051e-08,3.490500395368186e-08
132,2024-01-02T12:05:32.000000Z,CC,ARAT,8.4200634834569,3.8500000000000014,10.899999999999999,42.352727032394725,46.788755,-121.852537,1823.137,3.1899618062393604,105.65,952.0,Mt_Rainier,3252238,1.3171129242491538e-08,2.8977333586851283e-09,7.439612149016242e-11
133,2024-01-02T12:05:32.000000Z,CC,OBSR,16.8732574307138,2.6999999999999993,14.524999999999999,29.61017792810236,46.899719,-121.815331,2382.0,3.692713215874585,25.049999999999997,362.0,Mt_Rainier,3252238,4.251563779583623e-08,6.433161971139534e-09,1.207601437941573e-09
134,2024-01-02T12:05:32.000000Z,CC,PANH,13.79056977972153,1.4250000000000007,10.925,39.25068835956469,46.859032,-121.642592,2086.0,3.493361704180092,16.425,1294.0,Mt_Rainier,3252238,3.4432369054177923e-08,3.630618435367248e-09,5.656691224582014e-10
135,2024-01-02T12:05:32.000000Z,CC,PARA,25.12303722672518,0.3000000000000007,17.825000000000003,23.260399082926256,46.786442,-121.742149,1651.18,2.816271305651562,20.825000000000003,1694.0,Mt_Rainier,3252238,4.1799398226827175e-08,4.224773255638852e-09,7.272429638961076e-10
136,2024-01-02T12:05:32.000000Z,CC,RUSH,9.258532788673154,3.0,12.55,44.45009131881552,46.90306,-121.94439,1235.0,3.6711035692738907,115.525,380.0,Mt_Rainier,3252238,9.119501366964645e-09,2.5958881682306807e-09,5.140302162987216e-11
137,2024-01-02T12:05:32.000000Z,UW,LON,9.65545487996243,3.0,12.274999999999999,43.74625581515314,46.750599,-121.809601,853.0,5.948823739799435,104.375,230.0,Mt_Rainier,3252238,6.758305950878664e-09,2.004035125393102e-09,1.8822855828928487e-11
138,2024-01-02T12:05:32.000000Z,UW,RCM,25.101522430416264,-0.40000000000000036,10.2,17.548255722994796,46.83564,-121.732979,3085.0,4.200168682822396,14.399999999999999,572.0,Mt_Rainier,3252238,1.46632167507345e-07,1.524938140121663e-08,1.8162124764019173e-08
139,2024-01-02T12:05:32.000000Z,UW,RCS,15.281213877141797,1.8500000000000014,13.45,26.783876106874743,46.870831,-121.732307,2877.0,3.46300603241858,19.525,1171.0,Mt_Rainier,3252238,3.019133737506062e-08,3.1729150461467035e-09,6.418835366052522e-10
140,2024-01-02T09:59:21.000000Z,CC,OBSR,15.737562922794162,3.5500000000000007,11.225000000000001,36.86064457183161,46.899719,-121.815331,2382.0,3.6802855341972984,38.325,361.0,Mt_Rainier,3252233,3.67525678555051e-08,5.4436371113477136e-09,6.651004519917554e-10
141,2024-01-02T09:59:21.000000Z,CC,PANH,7.043034967738483,3.6499999999999986,10.875,47.405150151054734,46.859032,-121.642592,2086.0,3.4268709897909684,116.69999999999999,653.0,Mt_Rainier,3252233,9.07928686908236e-09,1.8925424172701677e-09,4.2631893419967894e-11
142,2024-01-02T09:59:21.000000Z,CC,PARA,16.578033601877653,2.7250000000000014,13.425,34.45380832152838,46.786442,-121.742149,1651.18,2.498032610376288,23.85,1946.0,Mt_Rainier,3252233,1.5437369408537215e-08,2.6235760996587944e-09,8.622205145901024e-11
143,2024-01-02T09:59:21.000000Z,UW,RCM,23.745045843981515,-0.40000000000000036,7.824999999999999,16.18121265023049,46.83564,-121.732979,3085.0,3.903327438822212,11.675,1187.0,Mt_Rainier,3252233,2.7469080206609475e-07,2.348327286439735e-08,2.1544397905607822e-08
144,2024-01-02T09:59:21.000000Z,UW,RCS,18.840976260078214,0.25,10.125,31.50868148292276,46.870831,-121.732307,2877.0,5.3926786932324475,48.725,183.0,Mt_Rainier,3252233,2.84177430366678e-08,3.3530356896252407e-09,9.237149312866273e-10
145,2024-01-02T09:59:21.000000Z,UW,RER,14.493307469450167,1.2749999999999986,10.25,46.93699687784081,46.81905,-121.842133,1756.0,3.3970832289484947,129.175,1156.0,Mt_Rainier,3252233,1.9637518821454665e-08,2.5200885753003093e-09,1.068415963097909e-10
146,2024-01-01T20:02:59.000000Z,CC,ARAT,11.868718795627265,2.6750000000000007,8.649999999999999,44.923377192583764,46.788755,-121.852537,1823.137,2.901961135534022,120.375,998.0,Mt_Rainier,3252413,1.063206802014222e-08,1.9444984593864345e-09,3.683081948415276e-11
147,2024-01-01T20:02:59.000000Z,CC,OBSR,14.976736767815552,2.5749999999999993,8.649999999999999,41.84544478848945,46.899719,-121.815331,2382.0,3.8836326993043357,119.25,452.0,Mt_Rainier,3252413,3.0734111200093384e-08,4.259762863435073e-09,5.835923329319874e-10
148,2024-01-01T20:02:59.000000Z,CC,PANH,17.688188239973563,0.8249999999999993,5.625,31.450734904353745,46.859032,-121.642592,2086.0,2.9644524741189553,14.399999999999999,708.0,Mt_Rainier,3252413,2.3366837594637575e-08,4.0934665710251085e-09,2.0415681933923246e-10
149,2024-01-01T20:02:59.000000Z,CC,PARA,12.078724092211129,2.0249999999999986,6.949999999999999,38.24582434005238,46.786442,-121.742149,1651.18,2.732833826407172,16.875,1488.0,Mt_Rainier,3252413,3.8304871251927166e-08,4.544132366459021e-09,2.814602280429897e-10
150,2024-01-01T20:02:59.000000Z,UW,FMW,14.017573277411488,2.25,8.2,38.17105188907976,46.941399,-121.670998,1859.0,3.973991593053234,14.95,1048.0,Mt_Rainier,3252413,1.6614680779874015e-08,2.1910997226235162e-09,7.223745121883846e-11
151,2024-01-01T20:02:59.000000Z,UW,RCM,23.685459225109067,0.3000000000000007,5.199999999999999,20.367689664837833,46.83564,-121.732979,3085.0,3.587777864223756,9.274999999999999,1543.0,Mt_Rainier,3252413,2.0009617088534994e-07,1.710352740934796e-08,1.2326996580544881e-08
152,2024-01-01T20:02:59.000000Z,UW,RCS,10.696543806807831,0.8499999999999996,8.75,39.27214658128404,46.870831,-121.732307,2877.0,3.338034806273096,66.6,1478.0,Mt_Rainier,3252413,2.805730604613871e-08,2.45443380875945e-09,3.219950835397078e-10
153,2024-01-01T20:02:59.000000Z,UW,RER,7.780191997805362,1.6499999999999986,8.375,44.58407303026614,46.81905,-121.842133,1756.0,3.954902531021465,118.75,981.0,Mt_Rainier,3252413,1.3198019304320865e-08,1.4513956936052944e-09,6.665159151386466e-11
154,2024-01-01T17:20:46.000000Z,CC,OBSR,16.87937847487127,2.5500000000000007,8.55,28.091849207017844,46.899719,-121.815331,2382.0,2.9502665796632077,22.35,742.0,Mt_Rainier,3252398,4.633831398083473e-08,5.435320996773516e-09,1.3813204078842173e-09
155,2024-01-01T17:20:46.000000Z,CC,PANH,12.154258296960187,1.6499999999999986,9.575,45.53490466942986,46.859032,-121.642592,2086.0,3.0980078089778234,123.725,583.0,Mt_Rainier,3252398,8.608434418297756e-09,1.7862065113839647e-09,5.19460855804658e-11
156,2024-01-01T17:20:46.000000Z,UW,FMW,9.082253694819643,3.5500000000000007,11.524999999999999,44.03146777609967,46.941399,-121.670998,1859.0,3.97387616036235,112.75,350.0,Mt_Rainier,3252398,5.7609157861410495e-09,1.545680209283563e-09,1.4644245512640828e-11
157,2024-01-01T17:20:46.000000Z,UW,RCM,25.459382161960537,0.375,5.899999999999999,16.846564040949453,46.83564,-121.732979,3085.0,3.3209061768875086,14.350000000000001,1498.0,Mt_Rainier,3252398,8.330330292655495e-08,7.872309649471575e-09,4.813436191937111e-09
158,2024-01-01T17:20:46.000000Z,UW,RCS,24.098031356224148,-0.09999999999999964,6.024999999999999,19.460914817966838,46.870831,-121.732307,2877.0,4.799262687160228,106.9,337.0,Mt_Rainier,3252398,1.0372767973170041e-07,8.751622613452071e-09,6.459126010159025e-09
159,2024-01-01T17:20:46.000000Z,UW,RER,15.641607823931576,1.4250000000000007,8.375,35.26656822415551,46.81905,-121.842133,1756.0,3.260659666742783,34.1,870.0,Mt_Rainier,3252398,1.1846419914081978e-08,1.4324460437236938e-09,7.225982311668632e-11
160,2024-01-01T17:20:46.000000Z,UW,STAR,44.04272808819746,5.824999999999999,6.25,43.85248901001279,46.850849,-121.792953,3365.0,3.3659928688066443,71.525,429.0,Mt_Rainier,3252398,2.4550970139075764e-07,5.549209655399546e-08,4.970737910478223e-09
161,2024-01-01T15:42:50.000000Z,CC,ARAT,9.892096358191655,3.9750000000000014,10.899999999999999,41.44397909981565,46.788755,-121.852537,1823.137,3.2333618683344936,107.9,716.0,Mt_Rainier,3252393,1.9879401741141905e-08,3.91810132971368e-09,8.622691909203295e-11
162,2024-01-01T15:42:50.000000Z,CC,OBSR,11.309048923569025,4.074999999999999,14.475000000000001,25.742671842583654,46.899719,-121.815331,2382.0,4.065182645285866,23.25,1141.0,Mt_Rainier,3252393,6.690095027163869e-08,8.278687513880822e-09,2.761964164684564e-09
163,2024-01-01T15:42:50.000000Z,CC,PANH,14.405128615985575,3.8500000000000014,9.5,30.98850657927626,46.859032,-121.642592,2086.0,3.541900348323669,26.975,774.0,Mt_Rainier,3252393,1.0649970491044468e-08,2.620530844237911e-09,5.786141859193429e-11
164,2024-01-01T15:42:50.000000Z,CC,PARA,19.201986565097798,3.1750000000000007,13.375,29.497080244063767,46.786442,-121.742149,1651.18,2.9667484619693067,31.4,1222.0,Mt_Rainier,3252393,2.546899009078404e-08,3.227828627797675e-09,3.0217615611396586e-10
165,2024-01-01T15:42:50.000000Z,UW,LON,7.511664724053712,5.550000000000001,11.075,44.01134094605142,46.750599,-121.809601,853.0,5.660711099958188,116.65,191.0,Mt_Rainier,3252393,7.101539316410256e-09,1.9045773252363834e-09,1.5318177802097207e-11
166,2024-01-01T15:42:50.000000Z,UW,RCM,28.25633095340392,0.9749999999999996,7.850000000000001,13.911790249093993,46.83564,-121.732979,3085.0,4.042530220213928,15.55,1301.0,Mt_Rainier,3252393,4.456701876701322e-07,4.4448018952626756e-08,1.0532715103715766e-07
167,2024-01-01T15:42:50.000000Z,UW,RCS,18.67837838544112,2.2749999999999986,9.600000000000001,23.496558131795027,46.870831,-121.732307,2877.0,5.694494623682688,21.950000000000003,147.0,Mt_Rainier,3252393,5.370135600730616e-08,6.957538559581167e-09,1.956554565274738e-09
168,2024-01-01T15:42:50.000000Z,UW,RER,15.745567139224336,2.875,9.05,27.823046262814003,46.81905,-121.842133,1756.0,4.780756264131215,23.299999999999997,268.0,Mt_Rainier,3252393,2.0356971750495307e-08,3.159494031747482e-09,2.3252317395009252e-10
169,2024-01-01T15:42:50.000000Z,UW,STAR,17.828515671281835,13.25,13.774999999999999,64.45494918035277,46.850849,-121.792953,3365.0,5.851727635607999,69.875,269.0,Mt_Rainier,3252393,1.0673059612693382e-07,2.53007188926223e-08,4.6148868632309903e-10
170,2023-12-31T19:23:13.000000Z,CC,OBSR,18.1002358136853,1.1499999999999986,3.5,30.225300376389583,46.899719,-121.815331,2382.0,4.70736686573833,11.875,641.0,Mt_Rainier,3252353,3.1390624778610955e-08,2.416504974885526e-09,1.0186240895280122e-09
171,2023-12-31T19:23:13.000000Z,UW,GHW,8.696690069951755,-15.0,34.925,74.60885859560804,47.041489,-122.273727,268.0,11.166711359707698,127.275,485.0,Mt_Rainier,3252353,6.923494168867256e-08,1.2399628364008054e-08,2.8078361824327257e-08
172,2023-12-31T19:23:13.000000Z,UW,RCM,11.151599310143625,0.4250000000000007,3.0749999999999993,31.29909869294616,46.83564,-121.732979,3085.0,4.993740398061369,10.625,558.0,Mt_Rainier,3252353,1.650556722771803e-08,1.5719045650095906e-09,3.060043442736137e-10
173,2023-12-31T19:23:13.000000Z,UW,RCS,9.128890372890401,0.9250000000000007,1.9250000000000007,45.62790319464771,46.870831,-121.732307,2877.0,6.419037546564742,106.9,146.0,Mt_Rainier,3252353,1.1024517768860671e-08,9.639688950961038e-10,1.524955499700365e-10
174,2023-12-31T19:23:13.000000Z,UW,RER,13.725618270291747,0.8499999999999996,4.574999999999999,36.08637400186232,46.81905,-121.842133,1756.0,4.630074876394357,8.100000000000001,643.0,Mt_Rainier,3252353,1.2996749350334797e-08,1.2139661762839778e-09,6.801732068753224e-11
175,2023-12-31T16:42:48.000000Z,CC,OBSR,18.777744744523343,0.75,4.024999999999999,27.345606167192237,46.899719,-121.815331,2382.0,4.441671532916243,10.024999999999999,857.0,Mt_Rainier,3252338,4.3225947336134655e-08,3.6546510845598346e-09,1.3637240396531823e-09
176,2023-12-31T16:42:48.000000Z,UW,RCS,10.127608550980824,-15.0,2.1000000000000014,36.13667205904588,46.870831,-121.732307,2877.0,5.74159569860653,39.05,415.0,Mt_Rainier,3252338,1.7339237172411088e-08,1.6803662989574362e-09,1.7823457813385629e-10
177,2023-12-31T16:42:48.000000Z,UW,STOR,8.731273268041416,40.75,12.274999999999999,74.58337686417393,47.188099,-121.9888,266.4,9.782564758467513,131.975,233.0,Mt_Rainier,3252338,6.099789700221144e-09,3.100708942177828e-09,8.944039869169501e-11
178,2023-12-31T09:05:56.000000Z,CC,OBSR,10.31995088534603,-5.0,4.75,43.97472957328564,46.899719,-121.815331,2382.0,3.9805173462696013,121.15,523.0,Mt_Rainier,3252328,1.7957479794091665e-08,2.27136997307815e-09,2.5035856830854426e-10
179,2023-12-31T09:05:56.000000Z,UW,RCM,7.602104503623066,-5.0,2.6750000000000007,42.17855726461613,46.83564,-121.732979,3085.0,4.143993676174293,55.474999999999994,466.0,Mt_Rainier,3252328,1.9322319526900972e-08,1.9700222511260522e-09,1.9534797692414246e-10
180,2023-12-31T09:05:56.000000Z,UW,RCS,7.900334078815466,-15.0,17.325000000000003,41.828951637854786,46.870831,-121.732307,2877.0,6.180780209842143,66.925,125.0,Mt_Rainier,3252328,1.2701032224674716e-08,9.355125079796976e-10,1.0521927424977676e-10
181,2023-12-31T09:05:56.000000Z,UW,RER,11.22765822505176,-4.725,3.1499999999999986,40.534774943130394,46.81905,-121.842133,1756.0,3.78826840495426,5.425000000000001,1107.0,Mt_Rainier,3252328,2.7110195996822322e-09,9.139259458535525e-10,1.2493694191587684e-12
182,2023-12-30T20:56:43.000000Z,CC,ARAT,15.314352516972374,1.0249999999999986,10.825,34.737011411999674,46.788755,-121.852537,1823.137,2.4008431653683924,48.1,2965.0,Mt_Rainier,3252308,1.9650631441167482e-08,2.6549549624285696e-09,1.667374836627836e-10
183,2023-12-30T20:56:43.000000Z,CC,OBSR,25.09515543331419,0.3000000000000007,9.899999999999999,30.850507037595534,46.899719,-121.815331,2382.0,2.696026191704536,47.425,1929.0,Mt_Rainier,3252308,2.5018731294787125e-07,1.8966983411708383e-08,3.774410272813681e-08
184,2023-12-30T20:56:43.000000Z,CC,PANH,8.508494938050424,2.75,9.649999999999999,50.13208072298849,46.859032,-121.642592,2086.0,3.081099866635255,128.75,1760.0,Mt_Rainier,3252308,2.0541985693315722e-08,2.6419665889046524e-09,2.4034142572533515e-10
185,2023-12-30T20:56:43.000000Z,CC,PARA,9.098600469206367,1.625,17.174999999999997,40.67157771332112,46.786442,-121.742149,1651.18,2.771324411724686,119.85,1667.0,Mt_Rainier,3252308,2.3657494135600383e-08,3.096915907235485e-09,3.250897088286589e-10
186,2023-12-30T20:56:43.000000Z,CC,RUSH,8.90490840779899,4.324999999999999,16.675,43.827745966351124,46.90306,-121.94439,1235.0,2.900055644262028,112.875,1498.0,Mt_Rainier,3252308,1.819485190830504e-08,2.6710839069592804e-09,1.599067195074185e-10
187,2023-12-30T20:56:43.000000Z,UW,FMW,13.04551043635588,1.25,8.274999999999999,36.99925594174645,46.941399,-121.670998,1859.0,3.5451176646527536,61.925,617.0,Mt_Rainier,3252308,1.0877785600875944e-08,2.2264023960223647e-09,8.893580210526359e-11
188,2023-12-30T20:56:43.000000Z,UW,GHW,9.318990635974579,-15.0,28.075000000000003,45.37004742155856,47.041489,-122.273727,268.0,11.543307716870254,86.95,335.0,Mt_Rainier,3252308,8.016922622157631e-08,1.2940790021590943e-08,4.287769530974022e-08
189,2023-12-30T20:56:43.000000Z,UW,RCM,12.88051360585722,-0.1750000000000007,6.050000000000001,31.25907544547526,46.83564,-121.732979,3085.0,3.2194232529245297,49.150000000000006,470.0,Mt_Rainier,3252308,9.882377489429843e-08,8.843179992209798e-09,5.965173285291155e-09
190,2023-12-30T20:56:43.000000Z,UW,RCS,18.423261910493416,-0.40000000000000036,6.175000000000001,30.525724498801864,46.870831,-121.732307,2877.0,4.118263687097855,55.099999999999994,320.0,Mt_Rainier,3252308,5.986979206586923e-08,7.767843979139553e-09,3.490412337747924e-09
191,2023-12-30T20:56:43.000000Z,UW,RER,18.044169915530095,0.47499999999999964,10.325,31.712750663441874,46.81905,-121.842133,1756.0,2.9561318866214585,50.400000000000006,1537.0,Mt_Rainier,3252308,2.4366770596236813e-08,2.841910161756382e-09,3.632369817426475e-10
192,2023-12-30T15:33:57.000000Z,CC,ARAT,20.57020170149197,1.4250000000000007,10.649999999999999,34.16799380780002,46.788755,-121.852537,1823.137,3.008037647431955,53.400000000000006,1124.0,Mt_Rainier,3252288,3.555898945693912e-08,5.243208784757569e-09,7.125052641306374e-10
193,2023-12-30T15:33:57.000000Z,CC,CARB,7.765127876397642,7.75,16.925,47.344238434561426,46.98832,-122.00541,872.47,3.4586900786918173,124.475,503.0,Mt_Rainier,3252288,9.58281401815127e-09,2.5133534499575223e-09,6.1668335199052e-11
194,2023-12-30T15:33:57.000000Z,CC,CRBN,10.923589645558543,3.5249999999999986,13.475000000000001,43.68704306899706,46.988131,-121.961063,499.08,2.432079806974265,100.725,3121.0,Mt_Rainier,3252288,1.2358463164871713e-08,3.2805016217235857e-09,5.066922668684749e-11
195,2023-12-30T15:33:57.000000Z,CC,OBSR,33.46364795022885,-0.3249999999999993,10.825,30.37920022458217,46.899719,-121.815331,2382.0,3.2725918566197523,54.05,606.0,Mt_Rainier,3252288,4.698148861728198e-07,5.8517732895859416e-08,1.9466003199437687e-07
196,2023-12-30T15:33:57.000000Z,CC,PANH,19.654393092086508,1.0249999999999986,10.3,34.35888372625732,46.859032,-121.642592,2086.0,3.6108816735026075,55.275000000000006,822.0,Mt_Rainier,3252288,3.253558417256064e-08,6.276399941045819e-09,6.876461198708173e-10
197,2023-12-30T15:33:57.000000Z,CC,PARA,25.917820040626477,-0.15000000000000036,11.225000000000001,31.519938083250814,46.786442,-121.742149,1651.18,2.569806223119025,56.925,1335.0,Mt_Rainier,3252288,3.77549110797393e-08,8.611443514189002e-09,1.3582636056875396e-09
198,2023-12-30T15:33:57.000000Z,CC,PR04,13.338159865737467,6.649999999999999,17.9,43.60332023008249,46.929694,-121.988976,912.7,3.992250002059345,132.875,350.0,Mt_Rainier,3252288,1.9918139237606342e-08,4.6739392130326754e-09,2.5001238490761956e-10
199,2023-12-30T15:33:57.000000Z,CC,PR05,12.309224091673995,4.375,16.675,43.05729906990078,46.841649,-121.948912,1553.0,3.023381678807514,118.4,1861.0,Mt_Rainier,3252288,1.2616397358442788e-08,3.0134072198726517e-09,7.006225534352354e-11
200,2023-12-30T15:33:57.000000Z,CC,RUSH,14.127642578368572,1.8249999999999993,14.425,40.22842968262949,46.90306,-121.94439,1235.0,3.04789781438992,57.925,1232.0,Mt_Rainier,3252288,4.062459649661592e-08,8.611879693334184e-09,7.208286812749448e-10
201,2023-12-30T15:33:57.000000Z,CC,SIFT,14.979013044806964,4.324999999999999,10.675,39.80701245070921,46.867092,-121.953246,720.9,2.602555543428219,63.650000000000006,1562.0,Mt_Rainier,3252288,1.3077378494783774e-08,2.9960032416220283e-09,1.0912016629126411e-10
202,2023-12-30T15:33:57.000000Z,CC,VOIT,12.631954555306196,2.6499999999999986,13.825,43.160058129469114,46.96633,-121.9834,977.1,2.281060229383342,108.85,1425.0,Mt_Rainier,3252288,1.3094615433897232e-08,3.1349240737571386e-09,8.002310516796113e-11
203,2023-12-30T15:33:57.000000Z,UW,FMW,22.490846958535077,1.125,19.049999999999997,35.98484608836633,46.941399,-121.670998,1859.0,4.215319609309586,56.474999999999994,289.0,Mt_Rainier,3252288,1.95890304464667e-08,4.422137063646267e-09,6.17639616725475e-10
204,2023-12-30T15:33:57.000000Z,UW,LO2,16.681950810311747,2.4499999999999993,10.675,37.34430944250071,46.750599,-121.809601,853.0,4.288304005624908,57.625,867.0,Mt_Rainier,3252288,9.71254809025422e-09,1.9969217750391156e-09,3.473115664889384e-11
205,2023-12-30T15:33:57.000000Z,UW,LON,14.884520529037017,2.3500000000000014,10.600000000000001,38.555577969435795,46.750599,-121.809601,853.0,4.718435339791448,58.974999999999994,823.0,Mt_Rainier,3252288,1.922710655059428e-08,3.991750561052879e-09,1.336048183099529e-10
206,2023-12-30T15:33:57.000000Z,UW,RCM,28.50890200576752,-0.27500000000000036,15.625,27.345552387139236,46.83564,-121.732979,3085.0,3.3420601048459364,50.900000000000006,459.0,Mt_Rainier,3252288,2.184376901582994e-07,3.180843954673522e-08,4.0396622166632066e-08
207,2023-12-30T15:33:57.000000Z,UW,RCS,31.75555819424204,-0.375,13.825,27.38151973645018,46.870831,-121.732307,2877.0,4.341539035376581,50.5,242.0,Mt_Rainier,3252288,1.2539834285927032e-07,1.9211151233961526e-08,2.420313946777034e-08
208,2023-12-30T15:33:57.000000Z,UW,RER,24.32587680298798,0.6500000000000004,17.5,30.965327188004117,46.81905,-121.842133,1756.0,3.6162335437515627,52.125,878.0,Mt_Rainier,3252288,5.978119284992716e-08,6.476297281520269e-09,2.557430357452686e-09
209,2023-12-30T15:33:57.000000Z,UW,WPEQ,9.385502841647874,-15.0,24.5,66.8153919577271,46.613279,-121.404485,1807.0,6.675490295974015,134.875,73.0,Mt_Rainier,3252288,7.905391666453604e-09,2.5907847199857902e-09,6.203051156609559e-11
210,2023-12-25T02:44:47.000000Z,CC,ARAT,10.551552706068888,2.0249999999999986,6.449999999999999,40.00906790550559,46.788755,-121.852537,1823.137,2.3159304277437998,88.45,2358.0,Mt_Rainier,3252028,1.9385740949683496e-08,5.419866968241975e-09,7.96270683611576e-11
211,2023-12-25T02:44:47.000000Z,CC,OBSR,19.97623017648123,2.3249999999999993,11.825,28.49196889920605,46.899719,-121.815331,2382.0,2.441094751302198,18.75,2524.0,Mt_Rainier,3252028,8.127130764289111e-08,1.0823572364774372e-08,2.697759680751617e-09
212,2023-12-25T02:44:47.000000Z,CC,PANH,11.069830194673035,-15.0,8.375,43.97687093823711,46.859032,-121.642592,2086.0,2.1744834053103665,107.75,2641.0,Mt_Rainier,3252028,2.665124282037764e-08,4.384559061702847e-09,2.18173311223398e-10
213,2023-12-25T02:44:47.000000Z,CC,PARA,21.078788039142996,1.0749999999999993,11.2,26.870620334532454,46.786442,-121.742149,1651.18,2.0908898510966862,17.9,3572.0,Mt_Rainier,3252028,3.327802355799841e-08,4.99958344155479e-09,3.6393476709932404e-10
214,2023-12-25T02:44:47.000000Z,UW,FMW,9.21010419194027,2.125,8.350000000000001,41.91958095843439,46.941399,-121.670998,1859.0,2.920417617045107,89.3,1525.0,Mt_Rainier,3252028,1.208223151913662e-08,3.0681530258119e-09,3.3665916137944484e-11
215,2023-12-25T02:44:47.000000Z,UW,RCM,22.46268560295498,-0.1999999999999993,2.9750000000000014,15.673925391580202,46.83564,-121.732979,3085.0,2.591937372403543,7.949999999999999,1267.0,Mt_Rainier,3252028,3.04661905436442e-07,3.8048401876496396e-08,9.925716482972096e-09
216,2023-12-25T02:44:47.000000Z,UW,RCS,19.570911257814814,0.4250000000000007,5.800000000000001,17.70350999580716,46.870831,-121.732307,2877.0,3.321102325546566,11.399999999999999,1043.0,Mt_Rainier,3252028,9.529296202901754e-08,1.2234569374388333e-08,2.8701448244232777e-09
217,2023-12-25T02:44:47.000000Z,UW,RER,16.603061053629286,1.0500000000000007,9.8,32.49725917430475,46.81905,-121.842133,1756.0,2.3956260445032074,18.424999999999997,1912.0,Mt_Rainier,3252028,1.9778458314038002e-08,4.021418507016786e-09,1.164492141650189e-10
218,2023-12-24T03:35:49.000000Z,CC,OBSR,15.831999653987827,4.975000000000001,13.725000000000001,40.75724157153721,46.899719,-121.815331,2382.0,3.4569969612478753,90.8,990.0,Mt_Rainier,3251753,2.5148872038231796e-08,3.458539178243106e-09,4.4427131816529447e-10
219,2023-12-24T03:35:49.000000Z,CC,VOIT,7.328975819152896,-15.0,13.875,70.2753900841282,46.96633,-121.9834,977.1,2.052545676716362,129.9,5978.0,Mt_Rainier,3251753,8.449775620369414e-09,1.9038032817279965e-09,1.4746080118565102e-11
220,2023-12-24T03:35:49.000000Z,UW,GHW,7.9697347946971595,-15.0,-9.375,25.436273653361106,47.041489,-122.273727,268.0,11.364904262573145,62.075,260.0,Mt_Rainier,3251753,8.46976206748556e-08,1.365049818633154e-08,3.0541751069991874e-08
221,2023-12-24T03:35:49.000000Z,UW,RCM,25.076303798318175,0.5500000000000007,8.0,20.805086604532896,46.83564,-121.732979,3085.0,4.693763354555415,21.924999999999997,1524.0,Mt_Rainier,3251753,6.906711081291668e-08,5.2616414573322415e-09,5.656640188304349e-09
222,2023-12-24T03:35:49.000000Z,UW,RCS,14.781987817104932,-15.0,9.325,32.087128446463815,46.870831,-121.732307,2877.0,6.33209224629058,106.45,149.0,Mt_Rainier,3251753,1.670738620292564e-08,1.679576293435716e-09,3.7702473022101613e-10
223,2023-12-24T03:35:49.000000Z,UW,RER,10.863940319214137,2.9499999999999993,7.699999999999999,44.40941224811677,46.81905,-121.842133,1756.0,4.098940401981315,92.75,709.0,Mt_Rainier,3251753,9.556337106742602e-09,1.4525557120046378e-09,5.185810797229548e-11
224,2023-12-24T03:15:31.000000Z,CC,OBSR,17.872097390524907,2.0,11.375,24.638600360663936,46.899719,-121.815331,2382.0,3.8327935754271603,27.200000000000003,1116.0,Mt_Rainier,3251748,8.690079542374764e-08,9.614425358614764e-09,4.525147342736792e-09
225,2023-12-24T03:15:31.000000Z,CC,PARA,8.219314821300594,4.625,16.05,45.92264155740339,46.786442,-121.742149,1651.18,3.0163733596609568,124.0,734.0,Mt_Rainier,3251748,1.2314022552664253e-08,1.5905736100659955e-09,1.0263223930058688e-10
226,2023-12-24T03:15:31.000000Z,UW,FMW,10.734948852235139,1.8249999999999993,12.95,41.00696469441547,46.941399,-121.670998,1859.0,4.434453578919445,97.95,461.0,Mt_Rainier,3251748,5.819116138760229e-09,1.7180426854326147e-09,2.6576613481198372e-11
227,2023-12-24T03:15:31.000000Z,UW,LON,7.23253832765129,3.75,9.75,47.486817400434944,46.750599,-121.809601,853.0,6.447231625201652,131.175,212.0,Mt_Rainier,3251748,3.1986890354703173e-09,1.4463840499202498e-09,1.0638697539260927e-11
228,2023-12-24T03:15:31.000000Z,UW,RCM,24.970429534706113,0.05000000000000071,10.149999999999999,19.171048352766,46.83564,-121.732979,3085.0,3.553997280636663,22.875,1356.0,Mt_Rainier,3251748,9.920865811148373e-08,1.0618072636958932e-08,5.773667126758412e-09
229,2023-12-24T03:15:31.000000Z,UW,RCS,24.37791320089567,-0.15000000000000036,6.850000000000001,17.894048520189067,46.870831,-121.732307,2877.0,5.639779471829526,28.4,262.0,Mt_Rainier,3251748,7.959099857422351e-08,8.106387538434324e-09,8.156747676426705e-09
230,2023-12-24T03:15:31.000000Z,UW,RER,12.484575542513795,0.22499999999999964,8.524999999999999,42.53447901557707,46.81905,-121.842133,1756.0,4.898480646071781,119.275,207.0,Mt_Rainier,3251748,1.0168051320932376e-08,2.1565480279135656e-09,9.95311786046837e-11
231,2023-12-24T03:15:31.000000Z,UW,STAR,9.132852956882068,-15.0,21.85,43.9019228571605,46.850849,-121.792953,3365.0,3.114097748390813,121.15,718.0,Mt_Rainier,3251748,6.811538500470355e-06,1.8350020842435873e-06,4.467498941221347e-06
232,2023-12-23T22:43:44.000000Z,CC,ARAT,15.010971462165784,1.9250000000000007,35.275,43.22127806330614,46.788755,-121.852537,1823.137,2.8511309917172474,76.9,1053.0,Mt_Rainier,3252488,2.4807420991007313e-08,3.871459806767039e-09,2.4977059623142023e-10
233,2023-12-23T22:43:44.000000Z,CC,CRBN,9.12074966408833,-15.0,36.025,53.95918601312238,46.988131,-121.961063,499.08,5.676882624727191,124.25,450.0,Mt_Rainier,3252488,6.257321204209908e-09,1.6846029063205049e-09,5.01894709608427e-11
234,2023-12-23T22:43:44.000000Z,CC,OBSR,38.529910643437674,-0.34999999999999964,31.424999999999997,40.425731399090665,46.899719,-121.815331,2382.0,3.2267368092247533,68.15,953.0,Mt_Rainier,3252488,3.665146452813969e-07,3.790258842481858e-08,1.9131884888713074e-07
235,2023-12-23T22:43:44.000000Z,CC,PANH,13.29647757776483,0.75,38.1,46.3257010147979,46.859032,-121.642592,2086.0,2.925732078552749,105.575,921.0,Mt_Rainier,3252488,1.6347836970828595e-08,2.0403017268651275e-09,1.824779359359087e-10
236,2023-12-23T22:43:44.000000Z,CC,PARA,12.642282968472305,1.9750000000000014,38.275,46.515103285359366,46.786442,-121.742149,1651.18,2.8325177010952634,101.45,1251.0,Mt_Rainier,3252488,2.2088589368749608e-08,2.60269308276117e-09,5.219921843912846e-10
237,2023-12-23T22:43:44.000000Z,CC,PR04,9.977493363692169,8.350000000000001,15.3,53.990788170960286,46.929694,-121.988976,912.7,3.6033198464104625,122.025,643.0,Mt_Rainier,3252488,1.0814478710414183e-08,2.2635755707762797e-09,1.8221069768253148e-10
238,2023-12-23T22:43:44.000000Z,CC,PR05,8.754554460818698,2.8249999999999993,33.35,49.484374808761444,46.841649,-121.948912,1553.0,3.1935433847432626,123.55000000000001,1184.0,Mt_Rainier,3252488,5.8868092415556014e-09,1.9613216054696777e-09,2.901430560725581e-11
239,2023-12-23T22:43:44.000000Z,CC,RUSH,15.32218516578712,4.074999999999999,38.5,47.68604507805144,46.90306,-121.94439,1235.0,2.6552502819358867,82.975,1780.0,Mt_Rainier,3252488,2.7702868627260274e-08,4.354336838743082e-09,4.880999279303599e-10
240,2023-12-23T22:43:44.000000Z,CC,SIFT,12.735950092574278,4.524999999999999,32.525,46.88962130692733,46.867092,-121.953246,720.9,2.4766989726700146,115.05000000000001,2209.0,Mt_Rainier,3252488,8.08526341241134e-09,2.0364283580891457e-09,5.301683995916743e-11
241,2023-12-23T22:43:44.000000Z,CC,VOIT,8.72541238886802,6.399999999999999,36.325,50.365768582218294,46.96633,-121.9834,977.1,2.2059013447483924,127.17500000000001,1845.0,Mt_Rainier,3252488,7.632964297605309e-09,2.06283178511262e-09,4.6332635441250075e-11
242,2023-12-23T22:43:44.000000Z,UW,RCM,28.404880065903665,-0.3249999999999993,31.85,38.83113550401174,46.83564,-121.732979,3085.0,3.121280466155988,77.725,670.0,Mt_Rainier,3252488,6.588583928704701e-08,1.1040851277516033e-08,6.251563005705176e-09
243,2023-12-23T22:43:44.000000Z,UW,RCS,24.925601161551516,-0.625,31.299999999999997,34.37339898375445,46.870831,-121.732307,2877.0,4.093468370412239,64.825,373.0,Mt_Rainier,3252488,7.323368317922236e-08,9.850079436010872e-09,4.688056658387351e-09
244,2023-12-23T22:43:44.000000Z,UW,RER,24.38589551072668,-0.09999999999999964,34.175,38.14902334247267,46.81905,-121.842133,1756.0,3.0660649711178185,67.35,828.0,Mt_Rainier,3252488,2.780225627897174e-08,4.7118525444909e-09,1.0319936575906535e-09
245,2023-12-23T16:12:20.000000Z,CC,ARAT,7.298417906712269,129.525,11.125,52.17840006053581,46.788755,-121.852537,1823.137,3.284398264578545,134.975,584.0,Mt_Rainier,3251768,3.786101307468715e-09,2.2476998260748413e-09,3.6313932580876088e-12
246,2023-12-23T16:12:20.000000Z,CC,OBSR,17.060970976934453,2.625,16.05,43.190350979220874,46.899719,-121.815331,2382.0,4.1722110303944,134.9,359.0,Mt_Rainier,3251768,2.876237490447815e-08,5.593151215897014e-09,7.345140298039137e-10
247,2023-12-23T16:12:20.000000Z,CC,PANH,11.243398939243392,2.5500000000000007,12.675,50.566190788670866,46.859032,-121.642592,2086.0,3.4308257657010177,134.975,804.0,Mt_Rainier,3251768,4.9418957582569545e-09,1.2781649439171266e-09,1.8602594871715675e-11
248,2023-12-23T16:12:20.000000Z,UW,FMW,7.391725810416188,3.25,13.625,51.232827097109606,46.941399,-121.670998,1859.0,5.0524999532610515,134.975,186.0,Mt_Rainier,3251768,4.310048059780175e-09,1.425767487335816e-09,1.3858886246352602e-11
249,2023-12-23T16:12:20.000000Z,UW,RCM,31.141877217317727,0.5,9.45,57.75061672118396,46.83564,-121.732979,3085.0,4.280106397256847,134.975,785.0,Mt_Rainier,3251768,2.4442240475418294e-07,2.1954397274010434e-08,4.692602314839211e-08
250,2023-12-23T16:12:20.000000Z,UW,RCS,14.350399229326824,-4.275,12.3,45.98665881667397,46.870831,-121.732307,2877.0,5.074216167831369,134.975,508.0,Mt_Rainier,3251768,2.3311672628119084e-08,3.028642778816966e-09,9.299096220482661e-10
251,2023-12-23T16:12:20.000000Z,UW,RER,15.877863657530453,2.6999999999999993,10.649999999999999,47.35808886606922,46.81905,-121.842133,1756.0,5.856171368637476,134.975,178.0,Mt_Rainier,3251768,9.035110214877828e-09,1.647641747340155e-09,1.003478859845742e-10
252,2023-12-21T17:29:34.000000Z,CC,ARAT,26.812194548880072,1.9750000000000014,19.575000000000003,32.54700570537941,46.788755,-121.852537,1823.137,2.4997631056898633,56.425,1697.0,Mt_Rainier,3251653,8.683382629665341e-08,1.19623274806108e-08,1.4263708872071853e-09
253,2023-12-21T17:29:34.000000Z,CC,CRBN,7.076997095058879,-15.0,20.0,49.74542503038333,46.988131,-121.961063,499.08,2.8116102963879532,129.55,1207.0,Mt_Rainier,3251653,8.06913411307659e-09,1.607597853571818e-09,3.027780500351963e-11
254,2023-12-21T17:29:34.000000Z,CC,OBSR,25.72827770936356,4.25,16.1,33.80431432112324,46.899719,-121.815331,2382.0,3.251065205501435,58.7,493.0,Mt_Rainier,3251653,3.428645546724697e-07,2.3209830909901803e-08,4.9155122370343714e-08
255,2023-12-21T17:29:34.000000Z,CC,PANH,27.059025080714804,0.3249999999999993,14.149999999999999,31.923564327724897,46.859032,-121.642592,2086.0,2.590597295821461,56.3,2031.0,Mt_Rainier,3251653,3.597798509382006e-08,9.50331706430744e-09,6.889803954132318e-10
256,2023-12-21T17:29:34.000000Z,CC,PARA,25.093554662638102,3.125,14.75,31.77120301859202,46.786442,-121.742149,1651.18,2.6370492952583424,57.275000000000006,1037.0,Mt_Rainier,3251653,7.12906831408911e-08,1.0616602910935368e-08,2.51938685992738e-09
257,2023-12-21T17:29:34.000000Z,CC,PR04,9.01990520565549,6.574999999999999,16.4,46.714208064931505,46.929694,-121.988976,912.7,3.8947707153153166,119.07499999999999,471.0,Mt_Rainier,3251653,1.342666620205448e-08,2.244632381384881e-09,1.823338598684664e-10
258,2023-12-21T17:29:34.000000Z,CC,PR05,14.939014989892753,4.824999999999999,24.975,40.38832044713441,46.841649,-121.948912,1553.0,3.6761816684724455,68.0,675.0,Mt_Rainier,3251653,9.683590586259132e-09,1.6298854423032935e-09,5.134451141221819e-11
259,2023-12-21T17:29:34.000000Z,CC,RUSH,17.723872866232817,6.324999999999999,25.875,38.54587134859698,46.90306,-121.94439,1235.0,2.4784048388848503,63.849999999999994,3027.0,Mt_Rainier,3251653,3.609318846628043e-08,8.186743213514426e-09,5.731532995632738e-10
260,2023-12-21T17:29:34.000000Z,CC,SIFT,16.74092864177758,5.125,17.275,39.903262352392105,46.867092,-121.953246,720.9,2.2823277878047343,64.55,3951.0,Mt_Rainier,3251653,1.4747887211791233e-08,3.0538183895656857e-09,9.853479875426009e-11
261,2023-12-21T17:29:34.000000Z,CC,VOIT,9.995920401229643,-15.0,27.25,46.37727806079974,46.96633,-121.9834,977.1,2.350028765794027,115.65,1782.0,Mt_Rainier,3251653,9.971518163711405e-09,2.3509675375135927e-09,4.7530875236106076e-11
262,2023-12-21T17:29:34.000000Z,UW,FMW,21.119223001310097,3.3500000000000014,16.675,35.86452776702862,46.941399,-121.670998,1859.0,3.4693373066427156,60.05,349.0,Mt_Rainier,3251653,2.310730924338574e-08,4.565011467292602e-09,2.679885171589068e-10
263,2023-12-21T17:29:34.000000Z,UW,LO2,7.965974054815194,4.975000000000001,15.375,47.437048750334505,46.750599,-121.809601,853.0,3.578372528531214,130.125,1631.0,Mt_Rainier,3251653,1.0156004517996586e-08,2.426516192824106e-09,7.004893396777789e-11
264,2023-12-21T17:29:34.000000Z,UW,LON,15.251218828815269,4.449999999999999,21.0,39.30037604042014,46.750599,-121.809601,853.0,4.252667912752093,61.775000000000006,1317.0,Mt_Rainier,3251653,2.0756396321111078e-08,4.1372072703785845e-09,1.85551906422401e-10
265,2023-12-21T17:29:34.000000Z,UW,RCM,32.743836977934286,-2.5749999999999993,10.75,26.63010845427649,46.83564,-121.732979,3085.0,3.6629322284037014,52.575,411.0,Mt_Rainier,3251653,3.1907757040501595e-07,3.203279378936942e-08,8.444791761972687e-08
266,2023-12-21T17:29:34.000000Z,UW,RCS,27.10190620025219,-0.47499999999999964,14.0,28.568430541956737,46.870831,-121.732307,2877.0,3.691253078348892,52.95,622.0,Mt_Rainier,3251653,1.6889991322288104e-07,1.6205108373015793e-08,1.3075209481981204e-08
267,2023-12-21T17:29:34.000000Z,UW,RER,31.32024276553063,0.4250000000000007,17.325000000000003,35.53342471496526,46.81905,-121.842133,1756.0,2.8902289705418114,71.25,931.0,Mt_Rainier,3251653,8.901047362678044e-08,1.302958068214634e-08,4.329101445910957e-09
268,2023-12-20T17:13:23.000000Z,CC,ARAT,13.897639717803518,1.8500000000000014,6.949999999999999,35.361048872686446,46.788755,-121.852537,1823.137,2.6420374725575875,20.0,2767.0,Mt_Rainier,3251463,1.4937143582432162e-08,1.8117590274480047e-09,7.266964835253367e-11
269,2023-12-20T17:13:23.000000Z,CC,OBSR,24.276306287826124,0.625,9.149999999999999,15.259476367692521,46.899719,-121.815331,2382.0,3.2972522479720006,16.05,1131.0,Mt_Rainier,3251463,1.9621410342958694e-07,2.0160918176109646e-08,2.2118572414329965e-08
270,2023-12-20T17:13:23.000000Z,CC,PANH,14.376715285241481,1.7749999999999986,8.350000000000001,29.929583179490677,46.859032,-121.642592,2086.0,3.0080695976602527,21.25,629.0,Mt_Rainier,3251463,1.022475499460472e-08,1.8923200674837948e-09,4.364474440081728e-11
271,2023-12-20T17:13:23.000000Z,CC,PARA,14.373213924736495,1.0,10.024999999999999,30.65764167425756,46.786442,-121.742149,1651.18,2.732711530458978,24.674999999999997,1514.0,Mt_Rainier,3251463,1.3558152316211802e-08,2.0384976943343273e-09,9.466620029924176e-11
272,2023-12-20T17:13:23.000000Z,CC,RUSH,9.63245548521959,2.125,10.7,41.319821564514825,46.90306,-121.94439,1235.0,2.491135434894085,101.0,2854.0,Mt_Rainier,3251463,1.6979160732084764e-08,3.3323551471952782e-09,1.0529007907221418e-10
273,2023-12-20T17:13:23.000000Z,CC,SIFT,9.309327342872296,3.625,9.149999999999999,42.783036684629394,46.867092,-121.953246,720.9,2.6289076385029557,112.3,1558.0,Mt_Rainier,3251463,7.872458515246973e-09,1.613292850137302e-09,2.33063182279523e-11
274,2023-12-20T17:13:23.000000Z,UW,FMW,14.182154584912421,1.7250000000000014,9.825,35.19300458284462,46.941399,-121.670998,1859.0,3.339967170446323,23.674999999999997,530.0,Mt_Rainier,3251463,1.0262033649696434e-08,1.852113834459098e-09,4.060532849634463e-11
275,2023-12-20T17:13:23.000000Z,UW,RCM,11.266608560033118,0.3249999999999993,5.399999999999999,14.797028353464938,46.83564,-121.732979,3085.0,3.311866616685212,17.075000000000003,1091.0,Mt_Rainier,3251463,7.146388880106062e-08,9.4366650559316e-09,2.4005881365257722e-09
276,2023-12-20T17:13:23.000000Z,UW,RCS,19.3142346042373,0.22499999999999964,8.925,17.650286630150923,46.870831,-121.732307,2877.0,4.164041383793873,14.325,622.0,Mt_Rainier,3251463,5.359157523996422e-08,6.221467672144109e-09,1.791027471074743e-09
277,2023-12-20T17:13:23.000000Z,UW,RER,22.702551197979947,0.6999999999999993,6.024999999999999,21.845715534953385,46.81905,-121.842133,1756.0,3.040987195749727,14.899999999999999,1634.0,Mt_Rainier,3251463,3.02078578020005e-08,4.10218872307515e-09,4.371042553900715e-10
278,2023-12-20T17:13:23.000000Z,UW,TEHA,7.230385020518388,-15.0,37.175,58.482393064080654,47.12795,-122.1963,211.7,8.729861263694787,134.975,104.0,Mt_Rainier,3251463,2.4797786788432677e-07,1.0994553459977897e-08,3.424095514065949e-07
